Sektor,Kõrgemal seisev asutus,Registrikood,Üksuse nimi,Üksuse liik,Muudatused
KOV,Pärnu Linnavalitsus,75000064,Pärnu Linnavalitsus,valla või linna ametiasutus,
KOV,Kohtla-Järve Linnavalitsus,75001017,Kohtla-Järve Linnavalitsus,valla või linna ametiasutus,
KOV,Toila Vallavalitsus,75001477,Toila Vallavalitsus,valla või linna ametiasutus,
KOV,Otepää Vallavalitsus,75001566,Otepää Vallavalitsus,valla või linna ametiasutus,
KOV,Luunja Vallavalitsus,75003476,Luunja Vallavalitsus,valla või linna ametiasutus,
KOV,Sillamäe Linnavalitsus,75003909,Sillamäe Linnavalitsus,valla või linna ametiasutus,
KOV,Kihnu Vallavalitsus,75003967,Kihnu Vallavalitsus,valla või linna ametiasutus,
KOV,Viljandi Linnavalitsus,75005222,Viljandi Linnavalitsus,valla või linna ametiasutus,
KOV,Tartu Vallavalitsus,75006486,Tartu Vallavalitsus,valla või linna ametiasutus,
KOV,Tartu Linnavalitsus,75006546,Tartu Linnavalitsus,valla või linna ametiasutus,
KOV,Kadrina Vallavalitsus,75007824,Kadrina Vallavalitsus,valla või linna ametiasutus,
KOV,Vinni Vallavalitsus,75008746,Vinni Vallavalitsus,valla või linna ametiasutus,
KOV,Antsla Vallavalitsus,75010418,Antsla Vallavalitsus,valla või linna ametiasutus,
KOV,Raasiku Vallavalitsus,75010708,Raasiku Vallavalitsus,valla või linna ametiasutus,
KOV,Maardu Linnavalitsus,75011470,Maardu Linnavalitsus,valla või linna ametiasutus,
KOV,Kose Vallavalitsus,75011547,Kose Vallavalitsus,valla või linna ametiasutus,
KOV,Väike-Maarja Vallavalitsus,75011694,Väike-Maarja Vallavalitsus,valla või linna ametiasutus,
KOV,Haapsalu Linnavalitsus,75012802,Haapsalu Linnavalitsus,valla või linna ametiasutus,
KOV,Haljala Vallavalitsus,75013144,Haljala Vallavalitsus,valla või linna ametiasutus,
KOV,Loksa Linnavalitsus,75013457,Loksa Linnavalitsus,valla või linna ametiasutus,
KOV,Harku Vallavalitsus,75014132,Harku Vallavalitsus,valla või linna ametiasutus,
KOV,Keila Linnavalitsus,75014422,Keila Linnavalitsus,valla või linna ametiasutus,
KOV,Tallinna Linnakantselei,75014920,Tallinna Linnakantselei,valla või linna ametiasutus,
KOV,Muhu Vallavalitsus,75018710,Muhu Vallavalitsus,valla või linna ametiasutus,
KOV,Anija Vallavalitsus,75018816,Anija Vallavalitsus,valla või linna ametiasutus,
KOV,Kohila Vallavalitsus,75018851,Kohila Vallavalitsus,valla või linna ametiasutus,
KOV,Saku Vallavalitsus,75019738,Saku Vallavalitsus,valla või linna ametiasutus,
KOV,Võru Linnavalitsus,75019980,Võru Linnavalitsus,valla või linna ametiasutus,
KOV,Viru-Nigula vallavalitsus,75020500,Viru-Nigula vallavalitsus,valla või linna ametiasutus,
KOV,Kiili Vallavalitsus,75020983,Kiili Vallavalitsus,valla või linna ametiasutus,
KOV,Viimsi Vallavalitsus,75021250,Viimsi Vallavalitsus,valla või linna ametiasutus,
KOV,Vormsi Vallavalitsus,75022427,Vormsi Vallavalitsus,valla või linna ametiasutus,
KOV,Ruhnu Vallavalitsus,75023177,Ruhnu Vallavalitsus,valla või linna ametiasutuste hallatav asutus,
KOV,Setomaa Vallavalitsus,75025041,Setomaa Vallavalitsus,valla või linna ametiasutus,
KOV,Rakvere Linnavalitsus,75025064,Rakvere Linnavalitsus,valla või linna ametiasutus,
KOV,Räpina Vallavalitsus,75025503,Räpina Vallavalitsus,valla või linna ametiasutus,
KOV,Jõelähtme Vallavalitsus,75025973,Jõelähtme Vallavalitsus,valla või linna ametiasutus,
KOV,Rae Vallavalitsus,75026106,Rae Vallavalitsus,valla või linna ametiasutus,
KOV,Saarde Vallavalitsus,75033454,Saarde Vallavalitsus,valla või linna ametiasutus,
KOV,Türi Vallavalitsus,75033460,Türi Vallavalitsus,valla või linna ametiasutus,
KOV,Tapa Vallavalitsus,75033477,Tapa Vallavalitsus,valla või linna ametiasutus,
KOV,Jõhvi Vallavalitsus,75033483,Jõhvi Vallavalitsus,valla või linna ametiasutus,
KOV,Kuusalu Vallavalitsus,75033496,Kuusalu Vallavalitsus,valla või linna ametiasutus,
KOV,Põlva Vallavalitsus,75038581,Põlva Vallavalitsus,valla või linna ametiasutus,
KOV,Lääne-Nigula Vallavalitsus,75038598,Lääne-Nigula Vallavalitsus,valla või linna ametiasutus,
KOV,Viljandi Vallavalitsus,75038606,Viljandi Vallavalitsus,valla või linna ametiasutus,
KOV,Elva Vallavalitsus,77000170,Elva Vallavalitsus,valla või linna ametiasutus,
KOV,Kanepi Vallavalitsus,77000186,Kanepi Vallavalitsus,valla või linna ametiasutus,
KOV,Peipsiääre Vallavalitsus,77000192,Peipsiääre Vallavalitsus,valla või linna ametiasutus,
KOV,Lääne-Harju Vallavalitsus,77000200,Lääne-Harju Vallavalitsus,valla või linna ametiasutus,
KOV,Rõuge Vallavalitsus,77000217,Rõuge Vallavalitsus,valla või linna ametiasutus,
KOV,Lüganuse Vallavalitsus,77000223,Lüganuse Vallavalitsus,valla või linna ametiasutus,
KOV,Põhja-Pärnumaa Vallavalitsus,77000234,Põhja-Pärnumaa Vallavalitsus,valla või linna ametiasutus,
KOV,Paide Linnavalitsus,77000246,Paide Linnavalitsus,valla või linna ametiasutus,
KOV,Kehtna Vallavalitsus,77000252,Kehtna Vallavalitsus,valla või linna ametiasutus,
KOV,Häädemeeste Vallavalitsus,77000269,Häädemeeste Vallavalitsus,valla või linna ametiasutus,
KOV,Kambja Vallavalitsus,77000275,Kambja Vallavalitsus,valla või linna ametiasutus,
KOV,Alutaguse Vallavalitsus,77000281,Alutaguse Vallavalitsus,valla või linna ametiasutus,
KOV,Lääneranna Vallavalitsus,77000298,Lääneranna Vallavalitsus,valla või linna ametiasutus,
KOV,Saaremaa Vallavalitsus,77000306,Saaremaa Vallavalitsus,valla või linna ametiasutus,
KOV,Rapla Vallavalitsus,77000312,Rapla Vallavalitsus,valla või linna ametiasutus,
KOV,Rakvere Vallavalitsus,77000329,Rakvere Vallavalitsus,valla või linna ametiasutus,
KOV,Järva Vallavalitsus,77000335,Järva Vallavalitsus,valla või linna ametiasutus,
KOV,Tori Vallavalitsus,77000341,Tori Vallavalitsus,valla või linna ametiasutus,
KOV,Põltsamaa Vallavalitsus,77000358,Põltsamaa Vallavalitsus,valla või linna ametiasutus,
KOV,Mustvee Vallavalitsus,77000364,Mustvee Vallavalitsus,valla või linna ametiasutus,
KOV,Kastre Vallavalitsus,77000370,Kastre Vallavalitsus,valla või linna ametiasutus,
KOV,Võru Vallavalitsus,77000393,Võru Vallavalitsus,valla või linna ametiasutus,
KOV,Jõgeva Vallavalitsus,77000401,Jõgeva Vallavalitsus,valla või linna ametiasutus,
KOV,Tõrva Vallavalitsus,77000418,Tõrva Vallavalitsus,valla või linna ametiasutus,
KOV,Hiiumaa Vallavalitsus,77000424,Hiiumaa Vallavalitsus,valla või linna ametiasutus,
KOV,Saue Vallavalitsus,77000430,Saue Vallavalitsus,valla või linna ametiasutus,
KOV,Märjamaa Vallavalitsus,77000447,Märjamaa Vallavalitsus,valla või linna ametiasutus,
KOV,Mulgi Vallavalitsus,77000453,Mulgi Vallavalitsus,valla või linna ametiasutus,
KOV,Põhja-Sakala Vallavalitsus,77000463,Põhja-Sakala Vallavalitsus,valla või linna ametiasutus,
KOV,Narva-Jõesuu Linnavalitsus,77000499,Narva-Jõesuu Linnavalitsus,valla või linna ametiasutus,
KOV,Valga Vallavalitsus,77000507,Valga Vallavalitsus,valla või linna ametiasutus,
KOV,Narva Linnakantselei,75008485,Narva Linnakantselei,valla või linna ametiasutus,
KOV,Nõo vallavalitsus,75007942,Nõo Vallavalitsus,valla või linna ametiasutus,
KOV,mitme KOVi poolt asutatud,10089550,osaühing SÕNUMITOOJA,äriühingud ja tulundusasutused,
KOV,Maardu Linnavalitsus,10092428,Aktsiaselts Maardu Elamu,äriühingud ja tulundusasutused,
KOV,mitme KOVi poolt asutatud,10220275,Aktsiaselts Järvamaa Haigla,äriühingud ja tulundusasutused,
KOV,Keila Linnavalitsus,10221854,Aktsiaselts Keila Vesi,äriühingud ja tulundusasutused,
KOV,Märjamaa Vallavalitsus,10258478,Märjamaa Haigla AS,äriühingud ja tulundusasutused,
KOV,Vinni Vallavalitsus,10268123,Osaühing Roela Soojus,äriühingud ja tulundusasutused,
KOV,Kohtla-Järve Linnavalitsus,10268560,Osaühing OSK GRUPP,äriühingud ja tulundusasutused,
KOV,Kadrina Vallavalitsus,10268985,Osaühing Kadrina Kommunaal,äriühingud ja tulundusasutused,
KOV,Tartu Vallavalitsus,10290080,Osaühing TARTU VALLA HALDUS,äriühingud ja tulundusasutused,
KOV,Põltsamaa Vallavalitsus,10291205,Põltsamaa Vallavara OÜ,äriühingud ja tulundusasutused,
KOV,Tapa Vallavalitsus,10293718,OÜ TAPA VESI,äriühingud ja tulundusasutused,
KOV,Räpina Vallavalitsus,10301412,aktsiaselts RÄPINA HAIGLA,äriühingud ja tulundusasutused,
KOV,Tallinna Linnakantselei,10312960,Aktsiaselts Tallinna Linnatransport,äriühingud ja tulundusasutused,
KOV,Jõgeva Vallavalitsus,10320390,Enveko OÜ,äriühingud ja tulundusasutused,
KOV,Setomaa Vallavalitsus,10322845,OÜ Setomaa Haldus,äriühingud ja tulundusasutused,
KOV,Otepää Vallavalitsus,10352579,OÜ Otepää Kommunaal,äriühingud ja tulundusasutused,
KOV,Rõuge Vallavalitsus,10353308,OÜ Rõuge Kommunaalteenus,äriühingud ja tulundusasutused,
KOV,Saarde Vallavalitsus,10357565,Osaühing Saarde Kommunaal,äriühingud ja tulundusasutused,
KOV,Viimsi Vallavalitsus,10459165,aktsiaselts Rannapere Pansionaat,äriühingud ja tulundusasutused,
KOV,Võru Vallavalitsus,10471930,osaühing Vastseliina Hambaravi,äriühingud ja tulundusasutused,
KOV,Mulgi Vallavalitsus,10531980,Osaühing Mulgi Vallahaldus,äriühingud ja tulundusasutused,
KOV,Keila Linnavalitsus,10571548,osaühing Keila Tervisekeskus,äriühingud ja tulundusasutused,
KOV,Viimsi Vallavalitsus,10618178,Osaühing Viimsi Haldus,äriühingud ja tulundusasutused,
KOV,Jõgeva Vallavalitsus,10695523,"Osaühing Jõgeva Sotsiaalkeskus ""Elukaar""",äriühingud ja tulundusasutused,
KOV,Harku Vallavalitsus,10731164,Osaühing Strantum,äriühingud ja tulundusasutused,
KOV,Saue Vallavalitsus,10784209,OÜ Laagri Haridus- ja Spordikeskus,äriühingud ja tulundusasutused,
KOV,Tallinna Linnakantselei,10822068,aktsiaselts Ida-Tallinna Keskhaigla,äriühingud ja tulundusasutused,
KOV,Tallinna Linnakantselei,10822269,Aktsiaselts Lääne-Tallinna Keskhaigla,äriühingud ja tulundusasutused,
KOV,Lääne-Harju Vallavalitsus,10827611,OÜ Karjaküla Sotsiaalkeskus,äriühingud ja tulundusasutused,
KOV,Narva-Jõesuu Linnavalitsus,10830458,Aktsiaselts NARVA-JÕESUU KOMMUNAAL,äriühingud ja tulundusasutused,
KOV,Tõrva Vallavalitsus,10831216,AS Tõrva Tervisekeskus,äriühingud ja tulundusasutused,
KOV,Kambja Vallavalitsus,10835728,OÜ Olme,äriühingud ja tulundusasutused,
KOV,Kambja Vallavalitsus,10835734,OÜ Ülenurme Teed,äriühingud ja tulundusasutused,
KOV,mitme KOVi poolt asutatud,10856624,Aktsiaselts Rakvere Haigla,äriühingud ja tulundusasutused,
KOV,Tapa Vallavalitsus,10856825,Tamsalu Perearstid Osaühing,äriühingud ja tulundusasutused,
KOV,Alutaguse Vallavalitsus,11001422,Alutaguse Haldus Osaühing,äriühingud ja tulundusasutused,
KOV,mitme KOVi poolt asutatud,11055659,Aktsiaselts Matsalu Veevärk,äriühingud ja tulundusasutused,
KOV,Põhja-Sakala Vallavalitsus,11351613,Aktsiaselts Põhja-Sakala Haldus,äriühingud ja tulundusasutused,
KOV,Elva Vallavalitsus,11439880,Elva Varahalduse OÜ,äriühingud ja tulundusasutused,
KOV,Lääne-Harju Vallavalitsus,11492271,Aktsiaselts Lahevesi,äriühingud ja tulundusasutused,
KOV,Mustvee Vallavalitsus,11538429,Mustvee Haldus Osaühing,äriühingud ja tulundusasutused,
KOV,Tallinna Linnakantselei,12040571,Osaühing Tallinna Perearstikeskus,äriühingud ja tulundusasutused,
KOV,Võru Linnavalitsus,12382372,Taristuhaldus OÜ,äriühingud ja tulundusasutused,
KOV,Antsla Vallavalitsus,12395722,Urvaste Valla Veevärk Osaühing,äriühingud ja tulundusasutused,
KOV,Haapsalu Linnavalitsus,12778414,osaühing Haapsalu Linnahooldus,äriühingud ja tulundusasutused,
KOV,Maardu Linnavalitsus,14088607,Osaühing Kroodi Vesi,äriühingud ja tulundusasutused,
KOV,Väike-Maarja Vallavalitsus,14122379,Väike-Maarja Tervisekeskus OÜ,äriühingud ja tulundusasutused,
KOV,Saue Vallavalitsus,14259167,Osaühing Saue Spordirajatised,äriühingud ja tulundusasutused,
KOV,Märjamaa Vallavalitsus,14325792,OÜ Vigala Hooldekodu,äriühingud ja tulundusasutused,
KOV,mitme KOVi poolt asutatud,14337542,Osaühing Digisaar,äriühingud ja tulundusasutused,
KOV,Lääne-Nigula Vallavalitsus,14381023,osaühing Maali Üürimaja,äriühingud ja tulundusasutused,
KOV,Kehtna Vallavalitsus,14446521,Osaühing Valtu Spordimaja,äriühingud ja tulundusasutused,
KOV,Põhja-Sakala Vallavalitsus,14465547,KOKSVERE MAJA OÜ,äriühingud ja tulundusasutused,
KOV,Lääne-Nigula Vallavalitsus,14646705,OÜ Lääne-Nigula Hooldekodud,äriühingud ja tulundusasutused,
KOV,Lääne-Nigula Vallavalitsus,14766527,OÜ Oru Kultuurisaal,äriühingud ja tulundusasutused,
KOV,Luunja Vallavalitsus,16558164,OÜ Luunja Sport,äriühingud ja tulundusasutused,
KOV,mitme KOVi poolt asutatud,16776116,AS Koeru Hooldekeskus,äriühingud ja tulundusasutused,
KOV,Maardu Linnavalitsus,17018317,OÜ Maardu Teenused,äriühingud ja tulundusasutused,Registreeritud 28.06.2024
KOV,Saaremaa Vallavalitsus,70002058,Saaremaa Toetava Hariduse Keskus,valla või linna ametiasutuste hallatav asutus,
KOV,Põhja-Sakala Vallavalitsus,70002822,Lahmuse Kool,valla või linna ametiasutuste hallatav asutus,
KOV,Rakvere Vallavalitsus,70004784,Näpi Kool,valla või linna ametiasutuste hallatav asutus,
KOV,Tartu Vallavalitsus,74002538,Kõrveküla Raamatukogu,valla või linna ametiasutuste hallatav asutus,
KOV,Pärnu Linnavalitsus,75000070,Pärnu Vana-Sauga Lasteaed,valla või linna ametiasutuste hallatav asutus,
KOV,Pärnu Linnavalitsus,75000093,Pärnu Kesklinna Lasteaed,valla või linna ametiasutuste hallatav asutus,
KOV,Pärnu Linnavalitsus,75000101,Pärnu Liblika Lasteaed,valla või linna ametiasutuste hallatav asutus,
KOV,Pärnu Linnavalitsus,75000124,Pärnu Lasteaed Mai,valla või linna ametiasutuste hallatav asutus,
KOV,Pärnu Linnavalitsus,75000153,Pärnu Lasteaed Pöialpoiss,valla või linna ametiasutuste hallatav asutus,
KOV,Pärnu Linnavalitsus,75000176,Pärnu Ülejõe Lasteaed,valla või linna ametiasutuste hallatav asutus,
KOV,Pärnu Linnavalitsus,75000182,Pärnu Lasteaed Trall,valla või linna ametiasutuste hallatav asutus,
KOV,Pärnu Linnavalitsus,75000199,Pärnu Kastani Lasteaed,valla või linna ametiasutuste hallatav asutus,
KOV,Pärnu Linnavalitsus,75000213,Pärnu Tammsaare Lasteaed,valla või linna ametiasutuste hallatav asutus,
KOV,Pärnu Linnavalitsus,75000229,Pärnu Rääma Põhikool,valla või linna ametiasutuste hallatav asutus,
KOV,Pärnu Linnavalitsus,75000259,Pärnu Kuninga Tänava Põhikool,valla või linna ametiasutuste hallatav asutus,
KOV,Pärnu Linnavalitsus,75000265,Pärnu Vanalinna Põhikool,valla või linna ametiasutuste hallatav asutus,
KOV,Pärnu Linnavalitsus,75000288,Pärnu Tammsaare Kool,valla või linna ametiasutuste hallatav asutus,
KOV,Pärnu Linnavalitsus,75000294,Pärnu Raeküla Kool,valla või linna ametiasutuste hallatav asutus,
KOV,Pärnu Linnavalitsus,75000302,Pärnu Ülejõe Põhikool,valla või linna ametiasutuste hallatav asutus,
KOV,Pärnu Linnavalitsus,75000319,Pärnu Ühisgümnaasium,valla või linna ametiasutuste hallatav asutus,
KOV,Pärnu Linnavalitsus,75000354,Pärnu Õppenõustamiskeskus,valla või linna ametiasutuste hallatav asutus,
KOV,Pärnu Linnavalitsus,75000377,Pärnu Kunstide Kool,valla või linna ametiasutuste hallatav asutus,
KOV,Pärnu Linnavalitsus,75000383,Pärnu Spordikool,valla või linna ametiasutuste hallatav asutus,
KOV,Pärnu Linnavalitsus,75000393,Pernova Hariduskeskus,valla või linna ametiasutuste hallatav asutus,
KOV,Pärnu Linnavalitsus,75000443,Tammiste Hooldekodu,valla või linna ametiasutuste hallatav asutus,
KOV,Pärnu Linnavalitsus,75000489,Pärnu Linnaorkester,valla või linna ametiasutuste hallatav asutus,
KOV,Pärnu Linnavalitsus,75000495,Pärnu Muusikakool,valla või linna ametiasutuste hallatav asutus,
KOV,Pärnu Linnavalitsus,75000512,Pärnu Linnagalerii,valla või linna ametiasutuste hallatav asutus,
KOV,Saarde Vallavalitsus,75000609,Surju Kool,valla või linna ametiasutuste hallatav asutus,
KOV,Saarde Vallavalitsus,75000615,Surju Rahvamaja,valla või linna ametiasutuste hallatav asutus,
KOV,Saarde Vallavalitsus,75000621,Surju Raamatukogu,valla või linna ametiasutuste hallatav asutus,
KOV,Saarde Vallavalitsus,75000644,Surju Hooldekodu Videvik,valla või linna ametiasutuste hallatav asutus,
KOV,Põhja-Pärnumaa Vallavalitsus,75000667,Tootsi Lasteaed-Põhikool,valla või linna ametiasutuste hallatav asutus,
KOV,Põhja-Pärnumaa Vallavalitsus,75000727,Tootsi Kultuuri- ja Spordikeskus,valla või linna ametiasutuste hallatav asutus,
KOV,Häädemeeste Vallavalitsus,75000806,Häädemeeste Lasteaed,valla või linna ametiasutuste hallatav asutus,
KOV,Häädemeeste Vallavalitsus,75000816,Kabli Lasteaed,valla või linna ametiasutuste hallatav asutus,
KOV,Häädemeeste Vallavalitsus,75000822,Häädemeeste Muusikakool,valla või linna ametiasutuste hallatav asutus,
KOV,Häädemeeste Vallavalitsus,75000845,Metsapoole Põhikool,valla või linna ametiasutuste hallatav asutus,
KOV,Häädemeeste Vallavalitsus,75000851,Häädemeeste Keskkool,valla või linna ametiasutuste hallatav asutus,
KOV,Häädemeeste Vallavalitsus,75000868,Häädemeeste Raamatukogu,valla või linna ametiasutuste hallatav asutus,
KOV,Häädemeeste Vallavalitsus,75000880,Treimani Rahvamaja,valla või linna ametiasutuste hallatav asutus,
KOV,Võru Vallavalitsus,75000934,Kääpa Kool,valla või linna ametiasutuste hallatav asutus,
KOV,Kohtla-Järve Linnavalitsus,75001046,Kohtla-Järve Sotsiaalhoolekandekeskus,valla või linna ametiasutuste hallatav asutus,
KOV,Pärnu Linnavalitsus,75001075,Paikuse Lasteaed,valla või linna ametiasutuste hallatav asutus,
KOV,Pärnu Linnavalitsus,75001081,Paikuse Kool,valla või linna ametiasutuste hallatav asutus,
KOV,Võru Vallavalitsus,75001282,Osula Põhikool,valla või linna ametiasutuste hallatav asutus,
KOV,Pärnu Linnavalitsus,75001342,Pärnu Keskraamatukogu,valla või linna ametiasutuste hallatav asutus,
KOV,Põhja-Pärnumaa Vallavalitsus,75001365,Kaisma Rahvamaja,valla või linna ametiasutuste hallatav asutus,
KOV,Põhja-Pärnumaa Vallavalitsus,75001388,Kergu Lasteaed-algkool,valla või linna ametiasutuste hallatav asutus,
KOV,Toila Vallavalitsus,75001497,Voka Lasteaed Naksitrallid,valla või linna ametiasutuste hallatav asutus,
KOV,Toila Vallavalitsus,75001514,Toila Gümnaasium,valla või linna ametiasutuste hallatav asutus,
KOV,Toila Vallavalitsus,75001537,Toila Muusika- ja Kunstikool,valla või linna ametiasutuste hallatav asutus,
KOV,Toila Vallavalitsus,75001543,Toila Vallaraamatukogu,valla või linna ametiasutuste hallatav asutus,
KOV,Põhja-Pärnumaa Vallavalitsus,75001626,Vändra Gümnaasium,valla või linna ametiasutuste hallatav asutus,
KOV,Põhja-Pärnumaa Vallavalitsus,75001649,Vändra Alevi Hoolekandekeskus,valla või linna ametiasutuste hallatav asutus,
KOV,Põhja-Pärnumaa Vallavalitsus,75001655,M. Lüdigi nimeline Vändra Muusika- ja Kunstikool,valla või linna ametiasutuste hallatav asutus,
KOV,Valga Vallavalitsus,75001690,Karula Hooldemaja,valla või linna ametiasutuste hallatav asutus,
KOV,Valga Vallavalitsus,75001709,Lüllemäe Põhikool,valla või linna ametiasutuste hallatav asutus,
KOV,Põhja-Pärnumaa Vallavalitsus,75001773,Pärnu-Jaagupi Põhikool,valla või linna ametiasutuste hallatav asutus,
KOV,Põhja-Pärnumaa Vallavalitsus,75001780,Pärnu-Jaagupi Lasteaed Pesamuna,valla või linna ametiasutuste hallatav asutus,
KOV,Põhja-Pärnumaa Vallavalitsus,75001796,Pärnu-Jaagupi Muusikakool,valla või linna ametiasutus,
KOV,Põhja-Pärnumaa Vallavalitsus,75001804,Pärnu-Jaagupi Rahvamaja,valla või linna ametiasutuste hallatav asutus,
KOV,Rõuge Vallavalitsus,75001891,Rõuge Valla Rahvamaja,valla või linna ametiasutuste hallatav asutus,
KOV,Rõuge Vallavalitsus,75001939,Rõuge Valla Raamatukogu,valla või linna ametiasutuste hallatav asutus,
KOV,Rõuge Vallavalitsus,75001945,Rõuge Hooldekodu,valla või linna ametiasutuste hallatav asutus,
KOV,Rõuge Vallavalitsus,75001951,Rõuge Lasteaed,valla või linna ametiasutuste hallatav asutus,
KOV,Rõuge Vallavalitsus,75001968,Rõuge Põhikool,valla või linna ametiasutuste hallatav asutus,
KOV,Lääne-Harju Vallavalitsus,75001997,Lääne-Harju Muusika- ja Kunstide Kool,valla või linna ametiasutuste hallatav asutus,
KOV,Lääne-Harju Vallavalitsus,75002005,Rummu Lasteaed Lepatriinu,valla või linna ametiasutuste hallatav asutus,
KOV,Lääne-Harju Vallavalitsus,75002011,Vasalemma Põhikool,valla või linna ametiasutuste hallatav asutus,
KOV,Lääne-Harju Vallavalitsus,75002034,Vasalemma Lasteaed Sajajalgne,valla või linna ametiasutuste hallatav asutus,
KOV,Tartu Vallavalitsus,75002100,Tabivere Põhikool,valla või linna ametiasutuste hallatav asutus,
KOV,Tartu Vallavalitsus,75002117,J.V. Veski nimeline Maarja-Magdaleena Põhikool,valla või linna ametiasutuste hallatav asutus,
KOV,Tartu Vallavalitsus,75002123,Tabivere Rahvamaja,valla või linna ametiasutuste hallatav asutus,
KOV,Tartu Vallavalitsus,75002132,Maarja-Magdaleena rahvamaja,valla või linna ametiasutuste hallatav asutus,
KOV,Tartu Vallavalitsus,75002146,Tabivere Raamatukogu,valla või linna ametiasutuste hallatav asutus,
KOV,Tartu Vallavalitsus,75002169,Maarja-Magdaleena Raamatukogu,valla või linna ametiasutuste hallatav asutus,
KOV,Valga Vallavalitsus,75002235,Tsirguliina Kool,valla või linna ametiasutuste hallatav asutus,
KOV,Elva Vallavalitsus,75002353,Aakre Raamatukogu,valla või linna ametiasutuste hallatav asutus,
KOV,Elva Vallavalitsus,75002382,Aakre Rahvamaja,valla või linna ametiasutuste hallatav asutus,
KOV,Otepää Vallavalitsus,75002413,Puka Kool,valla või linna ametiasutuste hallatav asutus,
KOV,Paide Linnavalitsus,75002459,Paide Hammerbecki Põhikool,valla või linna ametiasutuste hallatav asutus,
KOV,Paide Linnavalitsus,75002465,Paide Hillar Hanssoo Põhikool,valla või linna ametiasutuste hallatav asutus,
KOV,Paide Linnavalitsus,75002488,Paide Sookure Lasteaed,valla või linna ametiasutuste hallatav asutus,
KOV,Paide Linnavalitsus,75002494,PAIde Lasteaed,valla või linna ametiasutuste hallatav asutus,
KOV,Paide Linnavalitsus,75002502,Paide Kunstikool,valla või linna ametiasutuste hallatav asutus,
KOV,Paide Linnavalitsus,75002519,Paide Muusika- ja Teatrimaja,valla või linna ametiasutuste hallatav asutus,
KOV,Paide Linnavalitsus,75002525,Paide Muusikakool,valla või linna ametiasutuste hallatav asutus,
KOV,Paide Linnavalitsus,75002531,Järvamaa Keskraamatukogu,valla või linna ametiasutuste hallatav asutus,
KOV,Jõhvi Vallavalitsus,75002583,Jõhvi Kesklinna Kool,valla või linna ametiasutuste hallatav asutus,
KOV,Jõhvi Vallavalitsus,75002590,Jõhvi Kunstikool,valla või linna ametiasutuste hallatav asutus,
KOV,Jõhvi Vallavalitsus,75002608,Jõhvi Põhikool,valla või linna ametiasutuste hallatav asutus,
KOV,Jõhvi Vallavalitsus,75002620,Jõhvi Keskraamatukogu,valla või linna ametiasutuste hallatav asutus,
KOV,Jõhvi Vallavalitsus,75002637,Jõhvi Spordikool,valla või linna ametiasutuste hallatav asutus,
KOV,Jõhvi Vallavalitsus,75002666,Jõhvi Muusikakool,valla või linna ametiasutuste hallatav asutus,
KOV,Kohtla-Järve Linnavalitsus,75002749,Kohtla-Järve Spordikeskus,valla või linna ametiasutuste hallatav asutus,
KOV,Kohtla-Järve Linnavalitsus,75002778,Kohtla-Järve Keskraamatukogu,valla või linna ametiasutuste hallatav asutus,
KOV,Kohtla-Järve Linnavalitsus,75002784,Kohtla-Järve Kunstide Kool,valla või linna ametiasutuste hallatav asutus,
KOV,Kohtla-Järve Linnavalitsus,75002790,Ahtme Kunstide Kool,valla või linna ametiasutuste hallatav asutus,
KOV,Kohtla-Järve Linnavalitsus,75002809,Ahtme klubi,valla või linna ametiasutuste hallatav asutus,
KOV,Kohtla-Järve Linnavalitsus,75002867,Kohtla-Järve Lasteaed Tareke,valla või linna ametiasutuste hallatav asutus,
KOV,Kohtla-Järve Linnavalitsus,75002884,Kohtla-Järve Lasteaed Pääsuke,valla või linna ametiasutuste hallatav asutus,
KOV,Kohtla-Järve Linnavalitsus,75002896,Kohtla-Järve Lasteaed Punamütsike,valla või linna ametiasutuste hallatav asutus,
KOV,Kohtla-Järve Linnavalitsus,75002904,Kohtla-Järve Lasteaed Muinasjutt,valla või linna ametiasutuste hallatav asutus,
KOV,Kohtla-Järve Linnavalitsus,75002910,Kohtla-Järve lasteaed Väikemees,valla või linna ametiasutuste hallatav asutus,
KOV,Kohtla-Järve Linnavalitsus,75002927,Kohtla-Järve Lasteaed Buratino,valla või linna ametiasutuste hallatav asutus,
KOV,Kohtla-Järve Linnavalitsus,75002933,Kohtla-Järve Lasteaed Kirju-Mirju,valla või linna ametiasutuste hallatav asutus,
KOV,Kohtla-Järve Linnavalitsus,75002949,Kohtla-Järve Lasteaed Rukkilill,valla või linna ametiasutuste hallatav asutus,
KOV,Kohtla-Järve Linnavalitsus,75002962,Kohtla-Järve Lasteaed Tuvike,valla või linna ametiasutuste hallatav asutus,
KOV,Kohtla-Järve Linnavalitsus,75002991,Kohtla-Järve Lasteaed Karuke,valla või linna ametiasutuste hallatav asutus,
KOV,Kohtla-Järve Linnavalitsus,75003007,Kohtla-Järve Lasteaed Tuhkatriinu,valla või linna ametiasutuste hallatav asutus,
KOV,Kohtla-Järve Linnavalitsus,75003016,Kohtla-Järve Lasteaed Aljonuška,valla või linna ametiasutuste hallatav asutus,
KOV,Kohtla-Järve Linnavalitsus,75003022,Kohtla-Järve Lasteaed Kakuke,valla või linna ametiasutuste hallatav asutus,
KOV,Kohtla-Järve Linnavalitsus,75003039,Kohtla-Järve Lasteaed Lepatriinu,valla või linna ametiasutuste hallatav asutus,
KOV,Põltsamaa Vallavalitsus,75003051,Põltsamaa Raamatukogu,valla või linna ametiasutuste hallatav asutus,
KOV,Põltsamaa Vallavalitsus,75003068,Põltsamaa Kultuurikeskus,valla või linna ametiasutuste hallatav asutus,
KOV,Põltsamaa Vallavalitsus,75003097,Põltsamaa Muusika- ja Kunstikool,valla või linna ametiasutuste hallatav asutus,
KOV,Põltsamaa Vallavalitsus,75003128,Põltsamaa Ühisgümnaasium,valla või linna ametiasutuste hallatav asutus,
KOV,Põhja-Pärnumaa Vallavalitsus,75003134,Pärnu-Jaagupi Spordikeskus,valla või linna ametiasutuste hallatav asutus,
KOV,Jõgeva Vallavalitsus,75003157,Palamuse Lasteaed Nukitsamees,valla või linna ametiasutuste hallatav asutus,
KOV,Jõgeva Vallavalitsus,75003186,Oskar Lutsu Palamuse Põhikool,valla või linna ametiasutuste hallatav asutus,
KOV,Jõgeva Vallavalitsus,75003252,Jõgeva Lasteaed Karikakar,valla või linna ametiasutuste hallatav asutus,
KOV,Jõgeva Vallavalitsus,75003298,Jõgeva Valla Kultuur,valla või linna ametiasutuste hallatav asutus,
KOV,Jõgeva Vallavalitsus,75003306,Jõgeva Kunstikool,valla või linna ametiasutuste hallatav asutus,
KOV,Järva Vallavalitsus,75003387,Põhja-Järva Kool,valla või linna ametiasutuste hallatav asutus,
KOV,Järva Vallavalitsus,75003447,Järvapesa Lasteaed,valla või linna ametiasutuste hallatav asutus,
KOV,Jõgeva Vallavalitsus,75003654,Laiuse Jaan Poska Põhikool,valla või linna ametiasutuste hallatav asutus,
KOV,Jõgeva Vallavalitsus,75003660,Vaimastvere Kool,valla või linna ametiasutuste hallatav asutus,
KOV,Saarde Vallavalitsus,75003759,Kilingi-Nõmme Gümnaasium,valla või linna ametiasutuste hallatav asutus,
KOV,Saarde Vallavalitsus,75003772,Kilingi-Nõmme Klubi,valla või linna ametiasutuste hallatav asutus,
KOV,Saarde Vallavalitsus,75003789,Kilingi-Nõmme Lasteaed Krõll,valla või linna ametiasutuste hallatav asutus,
KOV,Saarde Vallavalitsus,75003795,Kilingi-Nõmme Muusikakool,valla või linna ametiasutuste hallatav asutus,
KOV,Saarde Vallavalitsus,75003803,Kilingi-Nõmme Raamatukogu,valla või linna ametiasutuste hallatav asutus,
KOV,Luunja Vallavalitsus,75003826,Luunja Keskkool,valla või linna ametiasutuste hallatav asutus,
KOV,Luunja Vallavalitsus,75003849,Luunja Kultuuri- ja Vabaajakeskus,valla või linna ametiasutuste hallatav asutus,
KOV,Luunja Vallavalitsus,75003855,Lohkva Raamatukogu - Luunja Valla Keskraamatukogu,valla või linna ametiasutuste hallatav asutus,
KOV,Luunja Vallavalitsus,75003890,Luunja Lasteaed Midrimaa,valla või linna ametiasutuste hallatav asutus,
KOV,Kihnu Vallavalitsus,75003973,Kihnu Kool,valla või linna ametiasutuste hallatav asutus,
KOV,Kihnu Vallavalitsus,75003996,Kihnu Raamatukogu,valla või linna ametiasutuste hallatav asutus,
KOV,Kihnu Vallavalitsus,75004010,Kihnu Muuseum,valla või linna ametiasutuste hallatav asutus,
KOV,Türi Vallavalitsus,75004091,Türi Kommunaalasutus,valla või linna ametiasutuste hallatav asutus,
KOV,Jõgeva Vallavalitsus,75004151,Jõgeva Lasteaed Rohutirts,valla või linna ametiasutuste hallatav asutus,
KOV,Türi Vallavalitsus,75004286,Retla-Kabala Kool,valla või linna ametiasutuste hallatav asutus,
KOV,Järva Vallavalitsus,75004435,Ahula Sotsiaalkeskus,valla või linna ametiasutuste hallatav asutus,
KOV,Mustvee Vallavalitsus,75004487,Lohusuu Kool,valla või linna ametiasutuste hallatav asutus,
KOV,Paide Linnavalitsus,75004530,Roosna-Alliku Põhikool,valla või linna ametiasutuste hallatav asutus,
KOV,Tõrva Vallavalitsus,75004613,Tõrva Kool,valla või linna ametiasutuste hallatav asutus,
KOV,Tori Vallavalitsus,75004725,Are Kool,valla või linna ametiasutuste hallatav asutus,
KOV,Tõrva Vallavalitsus,75004837,Helme Koduloomuuseum,valla või linna ametiasutuste hallatav asutus,
KOV,Järva Vallavalitsus,75004872,Imavere Kool,valla või linna ametiasutuste hallatav asutus,
KOV,Tori Vallavalitsus,75004955,Sindi Lasteaed,valla või linna ametiasutuste hallatav asutus,
KOV,Tori Vallavalitsus,75004961,Karl Rammi nimeline Sindi Muusikakool,valla või linna ametiasutuste hallatav asutus,
KOV,Tori Vallavalitsus,75004978,Sindi Gümnaasium,valla või linna ametiasutuste hallatav asutus,
KOV,Tori Vallavalitsus,75004990,Tori Haldusteenused,valla või linna ametiasutuste hallatav asutus,
KOV,Tori Vallavalitsus,75005021,Sindi Sotsiaaltöökeskus,valla või linna ametiasutuste hallatav asutus,
KOV,Järva Vallavalitsus,75005038,Koeru Perekodu,valla või linna ametiasutuste hallatav asutus,
KOV,Valga Vallavalitsus,75005073,Valga Priimetsa Kool,valla või linna ametiasutuste hallatav asutus,
KOV,Valga Vallavalitsus,75005085,Valga Lasteaed Buratino,valla või linna ametiasutuste hallatav asutus,
KOV,Valga Vallavalitsus,75005096,Valga Lasteaed Kaseke,valla või linna ametiasutuste hallatav asutus,
KOV,Valga Vallavalitsus,75005110,Valga valla huvikeskus,valla või linna ametiasutuste hallatav asutus,
KOV,Valga Vallavalitsus,75005127,Valga Muusikakool,valla või linna ametiasutuste hallatav asutus,
KOV,Valga Vallavalitsus,75005133,Valga Keskraamatukogu,valla või linna ametiasutuste hallatav asutus,
KOV,Valga Vallavalitsus,75005140,Valga Saun,valla või linna ametiasutuste hallatav asutus,
KOV,Valga Vallavalitsus,75005156,Valga Lasteaed Walko,valla või linna ametiasutuste hallatav asutus,
KOV,Lüganuse Vallavalitsus,75005179,Kiviõli linna lasteaed Kannike,valla või linna ametiasutuste hallatav asutus,
KOV,Lüganuse Vallavalitsus,75005204,Kiviõli Kunstide Kool,valla või linna ametiasutuste hallatav asutus,
KOV,Viljandi Linnavalitsus,75005239,Viljandi Päevakeskus,valla või linna ametiasutuste hallatav asutus,
KOV,Viljandi Linnavalitsus,75005268,Viljandi Spordikool,valla või linna ametiasutuste hallatav asutus,
KOV,Viljandi Linnavalitsus,75005274,Viljandi Nukuteater,valla või linna ametiasutuste hallatav asutus,
KOV,Viljandi Linnavalitsus,75005280,Viljandi Spordikeskus,valla või linna ametiasutuste hallatav asutus,
KOV,Viljandi Linnavalitsus,75005297,Viljandi Kaare Kool,valla või linna ametiasutuste hallatav asutus,
KOV,Viljandi Linnavalitsus,75005305,Viljandi Jakobsoni Kool,valla või linna ametiasutuste hallatav asutus,
KOV,Viljandi Linnavalitsus,75005311,Viljandi Paalalinna Kool,valla või linna ametiasutuste hallatav asutus,
KOV,Viljandi Linnavalitsus,75005357,Viljandi Lasteaed Männimäe,valla või linna ametiasutuste hallatav asutus,
KOV,Viljandi Linnavalitsus,75005363,Viljandi Lasteaed Karlsson,valla või linna ametiasutuste hallatav asutus,
KOV,Viljandi Linnavalitsus,75005379,Viljandi Täiskasvanute Gümnaasium,valla või linna ametiasutuste hallatav asutus,
KOV,Viljandi Linnavalitsus,75005386,Viljandi Kesklinna Lasteaed,valla või linna ametiasutuste hallatav asutus,
KOV,Viljandi Linnavalitsus,75005392,Viljandi Lasteaed Krõllipesa,valla või linna ametiasutuste hallatav asutus,
KOV,Viljandi Linnavalitsus,75005400,Viljandi Kesklinna Kool,valla või linna ametiasutuste hallatav asutus,
KOV,Viljandi Linnavalitsus,75005423,Viljandi Linnaraamatukogu,valla või linna ametiasutuste hallatav asutus,
KOV,Viljandi Linnavalitsus,75005433,Sakala Keskus,valla või linna ametiasutuste hallatav asutus,
KOV,Viljandi Linnavalitsus,75005446,Viljandi Huvikool,valla või linna ametiasutuste hallatav asutus,
KOV,Viljandi Linnavalitsus,75005452,Viljandi Muusikakool,valla või linna ametiasutuste hallatav asutus,
KOV,Mustvee Vallavalitsus,75005475,Voore Põhikool,valla või linna ametiasutuste hallatav asutus,
KOV,Narva-Jõesuu Linnavalitsus,75005506,Narva-Jõesuu Laste Muusika- ja Kunstikool,valla või linna ametiasutuste hallatav asutus,
KOV,Narva-Jõesuu Linnavalitsus,75005529,Narva-Jõesuu lasteaed Karikakar,valla või linna ametiasutuste hallatav asutus,
KOV,Narva-Jõesuu Linnavalitsus,75005535,Narva-Jõesuu Linnaraamatukogu,valla või linna ametiasutuste hallatav asutus,
KOV,Narva-Jõesuu Linnavalitsus,75005541,Narva-Jõesuu Kool,valla või linna ametiasutuste hallatav asutus,
KOV,Viljandi Vallavalitsus,75005601,Heimtali Põhikool,valla või linna ametiasutuste hallatav asutus,
KOV,Viljandi Vallavalitsus,75005624,Ramsi Lasteaed Taruke,valla või linna ametiasutuste hallatav asutus,
KOV,Lüganuse Vallavalitsus,75005653,Maidla Kool,valla või linna ametiasutuste hallatav asutus,
KOV,Tõrva Vallavalitsus,75005736,Tõrva Raamatukogu,valla või linna ametiasutuste hallatav asutus,
KOV,Tõrva Vallavalitsus,75005759,Tõrva Gümnaasium,valla või linna ametiasutuste hallatav asutus,
KOV,Tõrva Vallavalitsus,75005771,Tõrva Lasteaed Mõmmik,valla või linna ametiasutuste hallatav asutus,
KOV,Tõrva Vallavalitsus,75005788,Tõrva Muusikakool,valla või linna ametiasutuste hallatav asutus,
KOV,Põhja-Sakala Vallavalitsus,75005908,Suure-Jaani Gümnaasium,valla või linna ametiasutuste hallatav asutus,
KOV,Põhja-Sakala Vallavalitsus,75005914,Suure-Jaani Lasteaed Sipsik,valla või linna ametiasutuste hallatav asutus,
KOV,Põhja-Sakala Vallavalitsus,75005920,Põhja-Sakala Raamatukogu,valla või linna ametiasutuste hallatav asutus,
KOV,Viru-Nigula vallavalitsus,75005972,Viru-Nigula valla spordikeskus,valla või linna ametiasutuste hallatav asutus,
KOV,Põhja-Sakala Vallavalitsus,75006078,Olustvere Lasteaed Piilu,valla või linna ametiasutuste hallatav asutus,
KOV,Põhja-Sakala Vallavalitsus,75006090,Olustvere Põhikool,valla või linna ametiasutuste hallatav asutus,
KOV,Kohtla-Järve Linnavalitsus,75006144,Kohtla-Järve Linnaorkester,valla või linna ametiasutuste hallatav asutus,
KOV,Kohtla-Järve Linnavalitsus,75006167,Kohtla-Järve Slaavi Põhikool,valla või linna ametiasutuste hallatav asutus,
KOV,Kohtla-Järve Linnavalitsus,75006173,Kohtla-Järve Kesklinna Põhikool,valla või linna ametiasutuste hallatav asutus,
KOV,Kohtla-Järve Linnavalitsus,75006227,Kohtla-Järve Koolinoorte Loomemaja,valla või linna ametiasutuste hallatav asutus,
KOV,Peipsiääre Vallavalitsus,75006243,Juhan Liivi nim Alatskivi Kool,valla või linna ametiasutuste hallatav asutus,
KOV,Peipsiääre Vallavalitsus,75006256,Alatskivi Lasteaed,valla või linna ametiasutuste hallatav asutus,
KOV,Peipsiääre Vallavalitsus,75006262,Liivi Muuseum,valla või linna ametiasutuste hallatav asutus,
KOV,Türi Vallavalitsus,75006285,Türi Raamatukogu,valla või linna ametiasutuste hallatav asutus,
KOV,Türi Vallavalitsus,75006291,Türi Kevade Kool,valla või linna ametiasutuste hallatav asutus,
KOV,Türi Vallavalitsus,75006316,Türi Muusikakool,valla või linna ametiasutuste hallatav asutus,
KOV,Türi Vallavalitsus,75006345,Türi Lasteaed,valla või linna ametiasutuste hallatav asutus,
KOV,Türi Vallavalitsus,75006368,Türi Kultuurikeskus,valla või linna ametiasutuste hallatav asutus,
KOV,Türi Vallavalitsus,75006374,Türi Päevakeskus,valla või linna ametiasutuste hallatav asutus,
KOV,Türi Vallavalitsus,75006380,Türi Muuseum,valla või linna ametiasutuste hallatav asutus,
KOV,Mulgi Vallavalitsus,75006405,August Kitzbergi nimeline Gümnaasium,valla või linna ametiasutuste hallatav asutus,
KOV,Mulgi Vallavalitsus,75006411,Karksi-Nuia Kultuurikeskus,valla või linna ametiasutuste hallatav asutus,
KOV,Mulgi Vallavalitsus,75006428,Karksi-Nuia Raamatukogu,valla või linna ametiasutuste hallatav asutus,
KOV,Mulgi Vallavalitsus,75006434,Karksi-Nuia Muusikakool,valla või linna ametiasutuste hallatav asutus,
KOV,Mulgi Vallavalitsus,75006440,Karksi-Nuia Lasteaed,valla või linna ametiasutuste hallatav asutus,
KOV,Tartu Linnavalitsus,75006552,Tartu Linnavolikogu Kantselei,valla või linna ametiasutus,
KOV,Tartu Linnavalitsus,75006569,Tartu Oskar Lutsu nimeline Linnaraamatukogu,valla või linna ametiasutuste hallatav asutus,
KOV,Tartu Linnavalitsus,75006575,Tartu I Muusikakool,valla või linna ametiasutuste hallatav asutus,
KOV,Tartu Linnavalitsus,75006581,Tartu II Muusikakool,valla või linna ametiasutuste hallatav asutus,
KOV,Tartu Linnavalitsus,75006598,Tartu Lastekunstikool,valla või linna ametiasutuste hallatav asutus,
KOV,Tartu Linnavalitsus,75006629,Tartu Mänguasjamuuseum,valla või linna ametiasutuste hallatav asutus,
KOV,Tartu Linnavalitsus,75006635,Tartu Linnamuuseum,valla või linna ametiasutuste hallatav asutus,
KOV,Tartu Linnavalitsus,75006658,Tartu Sündmuste Korralduskeskus,valla või linna ametiasutuste hallatav asutus,
KOV,Tartu Linnavalitsus,75006701,Tartu Perekeskus,valla või linna ametiasutuste hallatav asutus,
KOV,Tartu Linnavalitsus,75006724,Päevakeskus Kalda,valla või linna ametiasutuste hallatav asutus,
KOV,Tartu Linnavalitsus,75006730,Tartu Hooldekodu,valla või linna ametiasutuste hallatav asutus,
KOV,Tartu Linnavalitsus,75006753,Päevakeskus Tähtvere,valla või linna ametiasutuste hallatav asutus,
KOV,Tartu Linnavalitsus,75006766,Tartu Varjupaik,valla või linna ametiasutuste hallatav asutus,
KOV,Tartu Linnavalitsus,75006799,Tartu Kalmistud,valla või linna ametiasutuste hallatav asutus,
KOV,Tartu Linnavalitsus,75006807,Hugo Treffneri Gümnaasium,valla või linna ametiasutuste hallatav asutus,
KOV,Tartu Linnavalitsus,75006813,Miina Härma Gümnaasium,valla või linna ametiasutuste hallatav asutus,
KOV,Tartu Linnavalitsus,75006820,Tartu Raatuse Kool,valla või linna ametiasutuste hallatav asutus,
KOV,Tartu Linnavalitsus,75006859,Tartu Aleksander Puškini Kool,valla või linna ametiasutuste hallatav asutus,
KOV,Tartu Linnavalitsus,75006865,Tartu Karlova Kool,valla või linna ametiasutuste hallatav asutus,
KOV,Tartu Linnavalitsus,75006871,Tartu Forseliuse Kool,valla või linna ametiasutuste hallatav asutus,
KOV,Tartu Linnavalitsus,75006894,Tartu Mart Reiniku Kool,valla või linna ametiasutuste hallatav asutus,
KOV,Tartu Linnavalitsus,75006919,Tartu Hansa Kool,valla või linna ametiasutuste hallatav asutus,
KOV,Tartu Linnavalitsus,75006925,Tartu Annelinna Gümnaasium,valla või linna ametiasutuste hallatav asutus,
KOV,Tartu Linnavalitsus,75006931,Tartu Variku Kool,valla või linna ametiasutuste hallatav asutus,
KOV,Tartu Linnavalitsus,75006948,Tartu Descartes'i Kool,valla või linna ametiasutuste hallatav asutus,
KOV,Tartu Linnavalitsus,75006954,Tartu Kivilinna Kool,valla või linna ametiasutuste hallatav asutus,
KOV,Tartu Linnavalitsus,75006960,Tartu Veeriku Kool,valla või linna ametiasutuste hallatav asutus,
KOV,Tartu Linnavalitsus,75006977,Tartu Kesklinna Kool,valla või linna ametiasutuste hallatav asutus,
KOV,Tartu Linnavalitsus,75006983,Tartu Pärli Kool,valla või linna ametiasutuste hallatav asutus,
KOV,Tartu Linnavalitsus,75007008,Tartu Herbert Masingu Kool,valla või linna ametiasutuste hallatav asutus,
KOV,Tartu Linnavalitsus,75007014,Tartu Maarja Kool,valla või linna ametiasutuste hallatav asutus,
KOV,Tartu Linnavalitsus,75007020,Tartu Täiskasvanute Gümnaasium,valla või linna ametiasutuste hallatav asutus,
KOV,Tartu Linnavalitsus,75007089,Tartu Karlova Lasteaed,valla või linna ametiasutuste hallatav asutus,
KOV,Tartu Linnavalitsus,75007095,Tartu Lasteaed Tõruke,valla või linna ametiasutuste hallatav asutus,
KOV,Tartu Linnavalitsus,75007118,Tartu Lasteaed Kivike,valla või linna ametiasutuste hallatav asutus,
KOV,Tartu Linnavalitsus,75007132,Tartu Lasteaed Kelluke,valla või linna ametiasutuste hallatav asutus,
KOV,Tartu Linnavalitsus,75007149,Tartu Lasteaed Annike,valla või linna ametiasutuste hallatav asutus,
KOV,Tartu Linnavalitsus,75007155,Tartu Lasteaed Naerumaa,valla või linna ametiasutuste hallatav asutus,
KOV,Tartu Linnavalitsus,75007178,Tartu Lasteaed Ristikhein,valla või linna ametiasutuste hallatav asutus,
KOV,Tartu Linnavalitsus,75007184,Tartu Lasteaed Helika,valla või linna ametiasutuste hallatav asutus,
KOV,Tartu Linnavalitsus,75007190,Tartu Lasteaed Meelespea,valla või linna ametiasutuste hallatav asutus,
KOV,Tartu Linnavalitsus,75007209,Tartu Lasteaed Rõõmumaa,valla või linna ametiasutuste hallatav asutus,
KOV,Tartu Linnavalitsus,75007215,Tartu Lasteaed Piilupesa,valla või linna ametiasutuste hallatav asutus,
KOV,Tartu Linnavalitsus,75007221,Tartu Lasteaed Mõmmik,valla või linna ametiasutuste hallatav asutus,
KOV,Tartu Linnavalitsus,75007238,Tartu Lasteaed Tripsik,valla või linna ametiasutuste hallatav asutus,
KOV,Tartu Linnavalitsus,75007250,Tartu Lasteaed Kannike,valla või linna ametiasutuste hallatav asutus,
KOV,Tartu Linnavalitsus,75007267,Tartu Lasteaed Rukkilill,valla või linna ametiasutuste hallatav asutus,
KOV,Tartu Linnavalitsus,75007273,Tartu Lasteaed Pääsupesa,valla või linna ametiasutuste hallatav asutus,
KOV,Tartu Linnavalitsus,75007282,Tartu Lasteaed Poku,valla või linna ametiasutuste hallatav asutus,
KOV,Tartu Linnavalitsus,75007296,Tartu Lasteaed Krõll,valla või linna ametiasutuste hallatav asutus,
KOV,Tartu Linnavalitsus,75007304,Tartu Maarjamõisa Lasteaed,valla või linna ametiasutuste hallatav asutus,
KOV,Tartu Linnavalitsus,75007310,Tartu Lasteaed Tähtvere,valla või linna ametiasutus,
KOV,Tartu Linnavalitsus,75007327,Tartu Lasteaed Hellik,valla või linna ametiasutuste hallatav asutus,
KOV,Elva Vallavalitsus,75007356,Rannu Kool,valla või linna ametiasutuste hallatav asutus,
KOV,Elva Vallavalitsus,75007362,Rannu Rahvamaja,valla või linna ametiasutuste hallatav asutus,
KOV,Elva Vallavalitsus,75007391,Rannu Raamatukogu,valla või linna ametiasutuste hallatav asutus,
KOV,Kambja Vallavalitsus,75007439,Ülenurme Gümnaasium,valla või linna ametiasutuste hallatav asutus,
KOV,Kambja Vallavalitsus,75007451,Ülenurme Muusikakool,valla või linna ametiasutuste hallatav asutus,
KOV,Kambja Vallavalitsus,75007468,Tõrvandi lasteaed Rüblik,valla või linna ametiasutuste hallatav asutus,
KOV,Kambja Vallavalitsus,75007474,Ülenurme Lasteaed Nurmepesa,valla või linna ametiasutuste hallatav asutus,
KOV,Kambja Vallavalitsus,75007497,Tõrvandi Raamatukogu,valla või linna ametiasutuste hallatav asutus,
KOV,Tallinna Linnakantselei,75007563,Lasnamäe Muusikakool,valla või linna ametiasutuste hallatav asutus,
KOV,Sillamäe Linnavalitsus,75007576,Linna Raamatupidamine,valla või linna ametiasutuste hallatav asutus,
KOV,Elva Vallavalitsus,75007623,Hellenurme Maakultuurimaja,valla või linna ametiasutuste hallatav asutus,
KOV,Elva Vallavalitsus,75007675,Rõngu Keskkool,valla või linna ametiasutuste hallatav asutus,
KOV,Elva Vallavalitsus,75007698,Rõngu Rahvamaja,valla või linna ametiasutuste hallatav asutus,
KOV,Elva Vallavalitsus,75007706,Rõngu Lasteaed Pihlakobar,valla või linna ametiasutuste hallatav asutus,
KOV,Elva Vallavalitsus,75007729,Rõngu Raamatukogu,valla või linna ametiasutuste hallatav asutus,
KOV,Mulgi Vallavalitsus,75007758,Mõisaküla Linnahooldus,valla või linna ametiasutuste hallatav asutus,
KOV,Mulgi Vallavalitsus,75007787,Mõisaküla Raamatukogu,valla või linna ametiasutuste hallatav asutus,
KOV,Mulgi Vallavalitsus,75007793,Mõisaküla Kultuurimaja,valla või linna ametiasutuste hallatav asutus,
KOV,Mulgi Vallavalitsus,75007801,Mõisaküla Muuseum,valla või linna ametiasutuste hallatav asutus,
KOV,Mulgi Vallavalitsus,75007818,Mulgi Hoolekandekeskus,valla või linna ametiasutuste hallatav asutus,
KOV,Kadrina Vallavalitsus,75007830,Kadrina Keskkool,valla või linna ametiasutuste hallatav asutus,
KOV,Kadrina Vallavalitsus,75007847,Kadrina Kunstidekool,valla või linna ametiasutuste hallatav asutus,
KOV,Kadrina Vallavalitsus,75007853,Kadrina Lasteaed Sipsik,valla või linna ametiasutuste hallatav asutus,
KOV,Kadrina Vallavalitsus,75007876,Vohnja Lasteaed-Algkool,valla või linna ametiasutuste hallatav asutus,
KOV,Kadrina Vallavalitsus,75007899,Kadrina Valla Raamatukogu,valla või linna ametiasutuste hallatav asutus,
KOV,Kadrina Vallavalitsus,75007936,Kadrina Valla Päästeteenistus,valla või linna ametiasutuste hallatav asutus,
KOV,Nõo vallavalitsus,75007959,Nõo lasteaed Tõruke,valla või linna ametiasutuste hallatav asutus,
KOV,Nõo vallavalitsus,75007971,Nõo Lasteaed Krõll,valla või linna ametiasutuste hallatav asutus,
KOV,Nõo vallavalitsus,75007988,Nõgiaru Lasteaed,valla või linna ametiasutuste hallatav asutus,
KOV,Nõo vallavalitsus,75008025,Nõo Raamatukogu,valla või linna ametiasutuste hallatav asutus,
KOV,Nõo vallavalitsus,75008031,Nõo Kultuurimaja,valla või linna ametiasutuste hallatav asutus,
KOV,Nõo vallavalitsus,75008048,Nõo Muusikakool,valla või linna ametiasutuste hallatav asutus,
KOV,Nõo vallavalitsus,75008054,Nõo Põhikool,valla või linna ametiasutuste hallatav asutus,
KOV,Nõo vallavalitsus,75008060,Nõo Päevakeskus,valla või linna ametiasutuste hallatav asutus,
KOV,Elva Vallavalitsus,75008114,Elva Linnaraamatukogu,valla või linna ametiasutuste hallatav asutus,
KOV,Elva Vallavalitsus,75008120,Elva Huviala- ja Koolituskeskus,valla või linna ametiasutuste hallatav asutus,
KOV,Elva Vallavalitsus,75008143,Elva Gümnaasium,valla või linna ametiasutuste hallatav asutus,
KOV,Elva Vallavalitsus,75008189,Elva Muusikakool,valla või linna ametiasutuste hallatav asutus,
KOV,Mustvee Vallavalitsus,75008226,Saare Rahvamaja,valla või linna ametiasutuste hallatav asutus,
KOV,Järva Vallavalitsus,75008278,Järva-Jaani lasteaed Jaanilill,valla või linna ametiasutuste hallatav asutus,
KOV,Järva Vallavalitsus,75008315,Järva-Jaani Gümnaasium,valla või linna ametiasutuste hallatav asutus,
KOV,Narva Linnakantselei,75008386,Narva Linnaarhiiv,valla või linna ametiasutus,
KOV,Narva Linnakantselei,75008427,Narva Linnavalitsuse Rahandusamet,valla või linna ametiasutus,
KOV,Kastre Vallavalitsus,75008462,Roiu Raamatukogu,valla või linna ametiasutuste hallatav asutus,
KOV,Valga Vallavalitsus,75008491,Valga Aktiviseerimiskeskus,valla või linna ametiasutuste hallatav asutus,
KOV,Kanepi Vallavalitsus,75008551,Krootuse Raamatukogu-Külakeskus,valla või linna ametiasutuste hallatav asutus,
KOV,Kanepi Vallavalitsus,75008574,Krootuse Kool,valla või linna ametiasutuste hallatav asutus,
KOV,Narva Linnakantselei,75008605,Narva Kreenholmi Kool,valla või linna ametiasutuste hallatav asutus,
KOV,Narva Linnakantselei,75008611,Narva Kesklinna Kool,valla või linna ametiasutuste hallatav asutus,
KOV,Narva Linnakantselei,75008640,Narva Keeltelütseum,valla või linna ametiasutuste hallatav asutus,
KOV,Narva Linnakantselei,75008657,Narva 6. Kool,valla või linna ametiasutuste hallatav asutus,
KOV,Narva Linnakantselei,75008663,Narva Lasteaed Sipsik,valla või linna ametiasutuste hallatav asutus,
KOV,Narva Linnakantselei,75008670,Narva Lasteaed Päikene,valla või linna ametiasutuste hallatav asutus,
KOV,Narva Linnakantselei,75008692,Narva Lasteaed Käoke,valla või linna ametiasutuste hallatav asutus,
KOV,Narva Linnakantselei,75008723,Narva Noortekeskus,valla või linna ametiasutuste hallatav asutus,
KOV,Narva Linnakantselei,75008734,Narva Lasteaed Põngerjas,valla või linna ametiasutuste hallatav asutus,
KOV,Vinni Vallavalitsus,75008752,Vinni-Pajusti Gümnaasium,valla või linna ametiasutuste hallatav asutus,
KOV,Vinni Vallavalitsus,75008769,Roela Kool,valla või linna ametiasutuste hallatav asutus,
KOV,Vinni Vallavalitsus,75008806,Vinni Lasteaed Tõruke,valla või linna ametiasutuste hallatav asutus,
KOV,Vinni Vallavalitsus,75008812,Lasteaed Tõrutõnn,valla või linna ametiasutuste hallatav asutus,
KOV,Vinni Vallavalitsus,75008829,Kulina Lasteaed,valla või linna ametiasutuste hallatav asutus,
KOV,Vinni Vallavalitsus,75008858,Vinni-Pajusti Raamatukogu,valla või linna ametiasutuste hallatav asutus,
KOV,Vinni Vallavalitsus,75008870,Viru-Jaagupi Rahvaraamatukogu,valla või linna ametiasutuste hallatav asutus,
KOV,Vinni Vallavalitsus,75008887,Roela Raamatukogu,valla või linna ametiasutuste hallatav asutus,
KOV,Vinni Vallavalitsus,75008893,Tudu Rahvaraamatukogu,valla või linna ametiasutuste hallatav asutus,
KOV,Vinni Vallavalitsus,75008901,Vinni Vallamuuseum,valla või linna ametiasutuste hallatav asutus,
KOV,Vinni Vallavalitsus,75008918,Tudu Rahvamaja,valla või linna ametiasutuste hallatav asutus,
KOV,Vinni Vallavalitsus,75008924,Pajusti Klubi,valla või linna ametiasutuste hallatav asutus,
KOV,Tallinna Linnakantselei,75008953,Kadrioru Park,valla või linna ametiasutuste hallatav asutus,
KOV,Järva Vallavalitsus,75008963,Järva Valla Spordikeskus,valla või linna ametiasutuste hallatav asutus,
KOV,Kohtla-Järve Linnavalitsus,75008976,Kohtla-Järve Tammiku Põhikool,valla või linna ametiasutus,
KOV,Kohtla-Järve Linnavalitsus,75008999,Kohtla-Järve Ahtme Põhikool,valla või linna ametiasutuste hallatav asutus,
KOV,Kohtla-Järve Linnavalitsus,75009007,Kohtla-Järve Maleva Põhikool,valla või linna ametiasutuste hallatav asutus,
KOV,Peipsiääre Vallavalitsus,75009059,Vara Põhikool,valla või linna ametiasutuste hallatav asutus,
KOV,Peipsiääre Vallavalitsus,75009065,Vara Lasteaed Õnnetriinu,valla või linna ametiasutuste hallatav asutus,
KOV,Peipsiääre Vallavalitsus,75009094,Koosa Raamatukogu - Peipsiääre Valla Keskraamatukogu,valla või linna ametiasutuste hallatav asutus,
KOV,Peipsiääre Vallavalitsus,75009102,Koosa Lasteaed,valla või linna ametiasutuste hallatav asutus,
KOV,Narva Linnakantselei,75009148,Narva Linna Sotsiaalabiamet,valla või linna ametiasutus,
KOV,Narva Linnakantselei,75009160,Narva Noorte Meremeeste Klubi,valla või linna ametiasutuste hallatav asutus,
KOV,Narva Linnakantselei,75009177,Narva Spordikool Energia,valla või linna ametiasutuste hallatav asutus,
KOV,Põlva Vallavalitsus,75009196,Põlva Spordikool,valla või linna ametiasutuste hallatav asutus,
KOV,Põlva Vallavalitsus,75009208,Põlva Muusikakool,valla või linna ametiasutuste hallatav asutus,
KOV,Põlva Vallavalitsus,75009220,Põlva Keskraamatukogu,valla või linna ametiasutuste hallatav asutus,
KOV,Põlva Vallavalitsus,75009237,Põlva Päevakeskus,valla või linna ametiasutuste hallatav asutus,
KOV,Põlva Vallavalitsus,75009243,Põlva Lõunakaare Lasteaed,valla või linna ametiasutuste hallatav asutus,
KOV,Põlva Vallavalitsus,75009250,Põlva Kunstikool,valla või linna ametiasutuste hallatav asutus,
KOV,Põlva Vallavalitsus,75009266,Põlva Roosi Kool,valla või linna ametiasutuste hallatav asutus,
KOV,Viljandi Vallavalitsus,75009303,Paistu Rahvamaja,valla või linna ametiasutuste hallatav asutus,
KOV,Viljandi Vallavalitsus,75009326,Paistu Kool,valla või linna ametiasutuste hallatav asutus,
KOV,Viljandi Vallavalitsus,75009361,Holstre Kool,valla või linna ametiasutuste hallatav asutus,
KOV,Hiiumaa Vallavalitsus,75009384,Kärdla Linnaraamatukogu,valla või linna ametiasutuste hallatav asutus,
KOV,Hiiumaa Vallavalitsus,75009390,Kärdla Lasteaed,valla või linna ametiasutuste hallatav asutus,
KOV,Saue Vallavalitsus,75009421,Saue Noortekeskus,valla või linna ametiasutuste hallatav asutus,
KOV,Hiiumaa Vallavalitsus,75009438,Rudolf Tobiase nimeline Kärdla Muusikakool,valla või linna ametiasutuste hallatav asutus,
KOV,Põlva Vallavalitsus,75009510,Vana-Koiola Rahvamaja,valla või linna ametiasutuste hallatav asutus,
KOV,Kambja Vallavalitsus,75009556,Kambja Lasteaed Mesimumm,valla või linna ametiasutuste hallatav asutus,
KOV,Kambja Vallavalitsus,75009562,Kambja Ignatsi Jaagu Kool,valla või linna ametiasutuste hallatav asutus,
KOV,Kambja Vallavalitsus,75009579,Kuuste Kool,valla või linna ametiasutuste hallatav asutus,
KOV,Kambja Vallavalitsus,75009585,Unipiha Algkool,valla või linna ametiasutuste hallatav asutus,
KOV,Kambja Vallavalitsus,75009616,Kambja Kultuur ja Sport,valla või linna ametiasutuste hallatav asutus,
KOV,Tori Vallavalitsus,75009668,Sauga Põhikool,valla või linna ametiasutuste hallatav asutus,
KOV,Tori Vallavalitsus,75009674,Jänesselja Lasteaed,valla või linna ametiasutuste hallatav asutus,
KOV,Valga Vallavalitsus,75009786,Valga Põhikool,valla või linna ametiasutuste hallatav asutus,
KOV,Hiiumaa Vallavalitsus,75009792,Kärdla Kultuurikeskus,valla või linna ametiasutuste hallatav asutus,
KOV,Hiiumaa Vallavalitsus,75009800,Kärdla Kool,valla või linna ametiasutuste hallatav asutus,
KOV,Räpina Vallavalitsus,75009838,Räpina Ühisgümnaasium,valla või linna ametiasutus,
KOV,Räpina Vallavalitsus,75009846,Räpina Koduloo- ja Aiandusmuuseum,valla või linna ametiasutuste hallatav asutus,
KOV,Räpina Vallavalitsus,75009852,Räpina valla Keskraamatukogu,valla või linna ametiasutuste hallatav asutus,
KOV,Räpina Vallavalitsus,75009875,Räpina Lasteaed Vikerkaar,valla või linna ametiasutuste hallatav asutus,
KOV,Räpina Vallavalitsus,75009881,Räpina Muusikakool,valla või linna ametiasutuste hallatav asutus,
KOV,Hiiumaa Vallavalitsus,75009941,Emmaste Lasteaed Naksitrallid,valla või linna ametiasutuste hallatav asutus,
KOV,Hiiumaa Vallavalitsus,75009958,Emmaste Põhikool,valla või linna ametiasutuste hallatav asutus,
KOV,Hiiumaa Vallavalitsus,75009964,Emmaste Raamatukogu,valla või linna ametiasutuste hallatav asutus,
KOV,Hiiumaa Vallavalitsus,75009987,Munitsipaalasutus Hiiumaa Haldus,valla või linna ametiasutuste hallatav asutus,
KOV,Väike-Maarja Vallavalitsus,75010045,Rakke Lasteaed Leevike,valla või linna ametiasutuste hallatav asutus,
KOV,Väike-Maarja Vallavalitsus,75010051,Rakke Kool,valla või linna ametiasutuste hallatav asutus,
KOV,Mulgi Vallavalitsus,75010080,Halliste Lasteaed Pääsuke,valla või linna ametiasutuste hallatav asutus,
KOV,Mulgi Vallavalitsus,75010097,Halliste Põhikool,valla või linna ametiasutuste hallatav asutus,
KOV,Mulgi Vallavalitsus,75010105,Õisu Lasteaed,valla või linna ametiasutuste hallatav asutus,
KOV,Tartu Vallavalitsus,75010134,Lähte Lasteaed Kiisupere,valla või linna ametiasutus,
KOV,Kastre Vallavalitsus,75010178,Võnnu Raamatukogu,valla või linna ametiasutuste hallatav asutus,
KOV,Kastre Vallavalitsus,75010192,Võnnu Lasteaed Värvuke,valla või linna ametiasutuste hallatav asutus,
KOV,Narva-Jõesuu Linnavalitsus,75010223,Narva-Jõesuu Huvikeskus,valla või linna ametiasutuste hallatav asutus,
KOV,Tartu Vallavalitsus,75010246,Kõrveküla Spordihall,valla või linna ametiasutuste hallatav asutus,
KOV,Jõgeva Vallavalitsus,75010269,Jõgeva Muusikakool,valla või linna ametiasutuste hallatav asutus,
KOV,Sillamäe Linnavalitsus,75010275,Laste Hoolekande Asutus Lootus,valla või linna ametiasutuste hallatav asutus,
KOV,Sillamäe Linnavalitsus,75010281,Hoolekandeasutus Sügis,valla või linna ametiasutuste hallatav asutus,
KOV,Saue Vallavalitsus,75010306,Nissi Põhikool,valla või linna ametiasutuste hallatav asutus,
KOV,Saue Vallavalitsus,75010312,Turba Kool,valla või linna ametiasutuste hallatav asutus,
KOV,Saue Vallavalitsus,75010370,Riisipere Lasteaed,valla või linna ametiasutuste hallatav asutus,
KOV,Antsla Vallavalitsus,75010424,Antsla Muusikakool,valla või linna ametiasutuste hallatav asutus,
KOV,Antsla Vallavalitsus,75010447,Antsla Linnaraamatukogu,valla või linna ametiasutuste hallatav asutus,
KOV,Antsla Vallavalitsus,75010453,Lusti Lasteaed,valla või linna ametiasutuste hallatav asutus,
KOV,Antsla Vallavalitsus,75010461,Antsla Valla Kultuurikeskus,valla või linna ametiasutuste hallatav asutus,
KOV,Antsla Vallavalitsus,75010476,Antsla Gümnaasium,valla või linna ametiasutuste hallatav asutus,
KOV,Põlva Vallavalitsus,75010542,Vastse-Kuuste Kultuurimaja,valla või linna ametiasutuste hallatav asutus,
KOV,Tartu Vallavalitsus,75010559,Kõrveküla Põhikool,valla või linna ametiasutuste hallatav asutus,
KOV,Tartu Vallavalitsus,75010565,Kõrveküla Lasteaed Päikeseratas,valla või linna ametiasutuste hallatav asutus,
KOV,Põlva Vallavalitsus,75010588,Põlva Valla Hooldekodu,valla või linna ametiasutuste hallatav asutus,
KOV,Põlva Vallavalitsus,75010648,Põlva Põhjakaare Lasteaed,valla või linna ametiasutuste hallatav asutus,
KOV,Tartu Vallavalitsus,75010683,Vedu Raamatukogu,valla või linna ametiasutuste hallatav asutus,
KOV,Tartu Vallavalitsus,75010690,Tammistu Raamatukogu-Külakeskus,valla või linna ametiasutuste hallatav asutus,
KOV,Raasiku Vallavalitsus,75010714,Raasiku Kool,valla või linna ametiasutuste hallatav asutus,
KOV,Raasiku Vallavalitsus,75010720,Aruküla Lasteaed Rukkilill,valla või linna ametiasutuste hallatav asutus,
KOV,Raasiku Vallavalitsus,75010737,Aruküla Põhikool,valla või linna ametiasutuste hallatav asutus,
KOV,Raasiku Vallavalitsus,75010743,Pikavere Mõisakool,valla või linna ametiasutuste hallatav asutus,
KOV,Raasiku Vallavalitsus,75010789,Aruküla Huvialakeskus Pääsulind,valla või linna ametiasutuste hallatav asutus,
KOV,Vinni Vallavalitsus,75010810,Laekvere Rahvamaja,valla või linna ametiasutuste hallatav asutus,
KOV,Vinni Vallavalitsus,75010832,Laekvere Kool,valla või linna ametiasutuste hallatav asutus,
KOV,Vinni Vallavalitsus,75010849,Laekvere Raamatukogu,valla või linna ametiasutuste hallatav asutus,
KOV,Põhja-Pärnumaa Vallavalitsus,75010915,Suurejõe Rahvamaja,valla või linna ametiasutuste hallatav asutus,
KOV,Põhja-Pärnumaa Vallavalitsus,75010984,Pärnjõe Kool,valla või linna ametiasutuste hallatav asutus,
KOV,Põhja-Pärnumaa Vallavalitsus,75010996,Juurikaru Põhikool,valla või linna ametiasutuste hallatav asutus,
KOV,Peipsiääre Vallavalitsus,75011033,Vene Vanausuliste Muuseum,valla või linna ametiasutuste hallatav asutus,
KOV,Peipsiääre Vallavalitsus,75011042,Kolkja Lasteaed-Põhikool,valla või linna ametiasutuste hallatav asutus,
KOV,Kanepi Vallavalitsus,75011091,Kanepi valla Hooldekeskus,valla või linna ametiasutuste hallatav asutus,
KOV,Kanepi Vallavalitsus,75011122,Saverna Kool,valla või linna ametiasutuste hallatav asutus,
KOV,Kanepi Vallavalitsus,75011145,Valgjärve Raamatukogu-Külakeskus,valla või linna ametiasutuste hallatav asutus,
KOV,Kanepi Vallavalitsus,75011151,Saverna Rahvaraamatukogu,valla või linna ametiasutuste hallatav asutus,
KOV,Kanepi Vallavalitsus,75011168,Maaritsa Raamatukogu-Külakeskus,valla või linna ametiasutuste hallatav asutus,
KOV,Kastre Vallavalitsus,75011197,Võnnu Keskkool,valla või linna ametiasutuste hallatav asutus,
KOV,Hiiumaa Vallavalitsus,75011228,Käina Kool,valla või linna ametiasutuste hallatav asutus,
KOV,Hiiumaa Vallavalitsus,75011234,Käina Huvi- ja Kultuurikeskus,valla või linna ametiasutuste hallatav asutus,
KOV,Hiiumaa Vallavalitsus,75011271,Käina Lasteaed Tirtspõnni,valla või linna ametiasutuste hallatav asutus,
KOV,Hiiumaa Vallavalitsus,75011292,Käina Raamatukogu,valla või linna ametiasutuste hallatav asutus,
KOV,Lääne-Nigula Vallavalitsus,75011317,Lääne-Nigula Lasteaiad,valla või linna ametiasutuste hallatav asutus,
KOV,Lääne-Nigula Vallavalitsus,75011336,Taebla Kool,valla või linna ametiasutuste hallatav asutus,
KOV,Lääne-Nigula Vallavalitsus,75011346,Martna-Palivere Põhikool,valla või linna ametiasutuste hallatav asutus,
KOV,Saue Vallavalitsus,75011398,Haiba Lastekodu,valla või linna ametiasutuste hallatav asutus,
KOV,Saue Vallavalitsus,75011429,Ruila Põhikool,valla või linna ametiasutuste hallatav asutus,
KOV,Maardu Linnavalitsus,75011493,Maardu Kultuuri- ja Infokeskus,valla või linna ametiasutuste hallatav asutus,
KOV,Maardu Linnavalitsus,75011524,Lasteaed Sipsik,valla või linna ametiasutuste hallatav asutus,
KOV,Maardu Linnavalitsus,75011530,Maardu Sotsiaalmaja,valla või linna ametiasutuste hallatav asutus,
KOV,Kose Vallavalitsus,75011553,Kose Gümnaasium,valla või linna ametiasutuste hallatav asutus,
KOV,Kose Vallavalitsus,75011565,Oru Põhikool,valla või linna ametiasutuste hallatav asutus,
KOV,Kose Vallavalitsus,75011576,Kose-Uuemõisa Lasteaed-Kool,valla või linna ametiasutuste hallatav asutus,
KOV,Kose Vallavalitsus,75011599,Kose Lasteaed PäevaLill,valla või linna ametiasutuste hallatav asutus,
KOV,Kose Vallavalitsus,75011607,Oru Lasteaed Mesimumm,valla või linna ametiasutuste hallatav asutus,
KOV,Kose Vallavalitsus,75011636,Kose Raamatukogu,valla või linna ametiasutus,
KOV,Rakvere Linnavalitsus,75011671,Rakvere Kultuurikeskus,valla või linna ametiasutuste hallatav asutus,
KOV,Lääne-Nigula Vallavalitsus,75011725,Oru Hooldekodu,valla või linna ametiasutuste hallatav asutus,
KOV,Lääne-Nigula Vallavalitsus,75011748,Oru Kool,valla või linna ametiasutuste hallatav asutus,
KOV,Kanepi Vallavalitsus,75011777,Kanepi Gümnaasium,valla või linna ametiasutuste hallatav asutus,
KOV,Kanepi Vallavalitsus,75011794,Kanepi Lasteaed,valla või linna ametiasutuste hallatav asutus,
KOV,Kanepi Vallavalitsus,75011808,Kanepi Raamatukogu,valla või linna ametiasutuste hallatav asutus,
KOV,Kanepi Vallavalitsus,75011814,Põlgaste Raamatukogu-Külakeskus,valla või linna ametiasutuste hallatav asutus,
KOV,Kanepi Vallavalitsus,75011820,Erastvere Raamatukogu-Külakeskus,valla või linna ametiasutuste hallatav asutus,
KOV,Kanepi Vallavalitsus,75011837,Kanepi Seltsimaja,valla või linna ametiasutuste hallatav asutus,
KOV,Raasiku Vallavalitsus,75011866,Raasiku Valla Raamatukogu,valla või linna ametiasutuste hallatav asutus,
KOV,Lääne-Nigula Vallavalitsus,75011889,Risti Põhikool,valla või linna ametiasutuste hallatav asutus,
KOV,Maardu Linnavalitsus,75011903,Maardu Põhikool,valla või linna ametiasutuste hallatav asutus,
KOV,Maardu Linnavalitsus,75011913,Kallavere Keskkool,valla või linna ametiasutuste hallatav asutus,
KOV,Maardu Linnavalitsus,75011949,Lasteaed Rukkilill,valla või linna ametiasutuste hallatav asutus,
KOV,Maardu Linnavalitsus,75011955,Maardu Linna Raamatukogu,valla või linna ametiasutuste hallatav asutus,
KOV,Maardu Linnavalitsus,75011961,Maardu Gümnaasium,valla või linna ametiasutuste hallatav asutus,
KOV,Maardu Linnavalitsus,75011984,Maardu Kunstide Kool,valla või linna ametiasutuste hallatav asutus,
KOV,Sillamäe Linnavalitsus,75012021,Sillamäe Lasteaed Päikseke,valla või linna ametiasutuste hallatav asutus,
KOV,Sillamäe Linnavalitsus,75012044,Sillamäe Vanalinna Kool,valla või linna ametiasutuste hallatav asutus,
KOV,Sillamäe Linnavalitsus,75012050,Sillamäe Lasteaed Rukkilill,valla või linna ametiasutuste hallatav asutus,
KOV,Tartu Vallavalitsus,75012081,Lähte Ühisgümnaasium,valla või linna ametiasutuste hallatav asutus,
KOV,Hiiumaa Vallavalitsus,75012156,Lauka Põhikool,valla või linna ametiasutuste hallatav asutus,
KOV,Viljandi Vallavalitsus,75012200,Tarvastu Muusika- ja Kunstikool,valla või linna ametiasutuste hallatav asutus,
KOV,Lääne-Nigula Vallavalitsus,75012251,Risti Hooldekodu,valla või linna ametiasutuste hallatav asutus,
KOV,Tartu Vallavalitsus,75012305,Tartu Valla Muusikakool,valla või linna ametiasutuste hallatav asutus,
KOV,Tartu Vallavalitsus,75012328,Äksi Raamatukogu,valla või linna ametiasutuste hallatav asutus,
KOV,Viljandi Vallavalitsus,75012340,Kolga-Jaani Villem Reimani nimeline Rahvamaja,valla või linna ametiasutuste hallatav asutus,
KOV,Saue Vallavalitsus,75012400,Saue Raamatukogud,valla või linna ametiasutuste hallatav asutus,
KOV,Saue Vallavalitsus,75012446,Laagri Lasteaed,valla või linna ametiasutuste hallatav asutus,
KOV,Saue Vallavalitsus,75012452,Ääsmäe Põhikool,valla või linna ametiasutuste hallatav asutus,
KOV,Rakvere Vallavalitsus,75012481,Uhtna Põhikool,valla või linna ametiasutuste hallatav asutus,
KOV,Rakvere Vallavalitsus,75012506,Sõmeru Raamatukogu,valla või linna ametiasutuste hallatav asutus,
KOV,Rakvere Vallavalitsus,75012512,Uhtna Raamatukogu,valla või linna ametiasutuste hallatav asutus,
KOV,Viljandi Vallavalitsus,75012618,Tarvastu Gümnaasium,valla või linna ametiasutuste hallatav asutus,
KOV,Viljandi Vallavalitsus,75012624,Kärstna Vaba Aja Keskus,valla või linna ametiasutuste hallatav asutus,
KOV,Viljandi Vallavalitsus,75012630,Mustla Rahvamaja,valla või linna ametiasutuste hallatav asutus,
KOV,Viljandi Vallavalitsus,75012699,Kärstna Hooldekodu,valla või linna ametiasutuste hallatav asutus,
KOV,Väike-Maarja Vallavalitsus,75012771,Simuna Kool,valla või linna ametiasutuste hallatav asutus,
KOV,Haapsalu Linnavalitsus,75012831,Cyrillus Kreegi nimeline Haapsalu Muusikakool,valla või linna ametiasutuste hallatav asutus,
KOV,Haapsalu Linnavalitsus,75012848,Haapsalu Kunstikool,valla või linna ametiasutuste hallatav asutus,
KOV,Haapsalu Linnavalitsus,75012854,Läänemaa Spordikool,valla või linna ametiasutuste hallatav asutus,
KOV,Haapsalu Linnavalitsus,75012860,Haapsalu Kultuurikeskus,valla või linna ametiasutuste hallatav asutus,
KOV,Haapsalu Linnavalitsus,75012877,Haapsalu Noorte Huvikeskus,valla või linna ametiasutuste hallatav asutus,
KOV,Haapsalu Linnavalitsus,75012883,Haapsalu Hoolekandekeskus,valla või linna ametiasutuste hallatav asutus,
KOV,Haapsalu Linnavalitsus,75012898,Lääne Maakonna Keskraamatukogu,valla või linna ametiasutuste hallatav asutus,
KOV,Haapsalu Linnavalitsus,75012908,Haapsalu Kesklinna Lasteaiad,valla või linna ametiasutuste hallatav asutus,
KOV,Haapsalu Linnavalitsus,75012943,Haapsalu Vanalinna Lasteaiad,valla või linna ametiasutuste hallatav asutus,
KOV,Haapsalu Linnavalitsus,75012952,Haapsalu Linna Algkool,valla või linna ametiasutuste hallatav asutus,
KOV,Haapsalu Linnavalitsus,75012966,Haapsalu Põhikool,valla või linna ametiasutuste hallatav asutus,
KOV,Anija Vallavalitsus,75013109,Kehra Gümnaasium,valla või linna ametiasutuste hallatav asutus,
KOV,Anija Vallavalitsus,75013115,Kehra Kunstidekool,valla või linna ametiasutuste hallatav asutus,
KOV,Haljala Vallavalitsus,75013150,Haljala Lasteaed Pesapuu,valla või linna ametiasutuste hallatav asutus,
KOV,Haljala Vallavalitsus,75013167,Haljala Kool,valla või linna ametiasutuste hallatav asutus,
KOV,Pärnu Linnavalitsus,75013285,Tõstamaa Rahvamaja,valla või linna ametiasutuste hallatav asutus,
KOV,Pärnu Linnavalitsus,75013322,Tõstamaa Lasteaed,valla või linna ametiasutuste hallatav asutus,
KOV,Pärnu Linnavalitsus,75013339,Tõstamaa Keskkool,valla või linna ametiasutuste hallatav asutus,
KOV,Türi Vallavalitsus,75013486,Väätsa Põhikool,valla või linna ametiasutuste hallatav asutus,
KOV,Türi Vallavalitsus,75013500,Väätsa Lasteaed Paikäpp,valla või linna ametiasutuste hallatav asutus,
KOV,Lääne-Nigula Vallavalitsus,75013569,Noarootsi Kool,valla või linna ametiasutuste hallatav asutus,
KOV,Lääneranna Vallavalitsus,75013581,Lääneranna Gümnaasium,valla või linna ametiasutuste hallatav asutus,
KOV,Lääneranna Vallavalitsus,75013606,Lääneranna Lasteaed,valla või linna ametiasutuste hallatav asutus,
KOV,Rakvere Vallavalitsus,75013664,Sõmeru Põhikool,valla või linna ametiasutuste hallatav asutus,
KOV,Alutaguse Vallavalitsus,75013670,Iisaku Gümnaasium,valla või linna ametiasutuste hallatav asutus,
KOV,Alutaguse Vallavalitsus,75013693,Iisaku Kunstide Kool,valla või linna ametiasutuste hallatav asutus,
KOV,Viru-Nigula vallavalitsus,75013762,Vasta Mõisakool,valla või linna ametiasutuste hallatav asutus,
KOV,Rõuge Vallavalitsus,75013807,Misso Sotsiaalkeskus,valla või linna ametiasutuste hallatav asutus,
KOV,Põlva Vallavalitsus,75013954,Mooste Kultuurimaja,valla või linna ametiasutuste hallatav asutus,
KOV,Harku Vallavalitsus,75014149,Tabasalu Kool,valla või linna ametiasutuste hallatav asutus,
KOV,Harku Vallavalitsus,75014155,Vääna Mõisakool,valla või linna ametiasutuste hallatav asutus,
KOV,Harku Vallavalitsus,75014161,Harkujärve Põhikool,valla või linna ametiasutuste hallatav asutus,
KOV,Harku Vallavalitsus,75014178,Tabasalu Muusika- ja Kunstikool,valla või linna ametiasutus,
KOV,Harku Vallavalitsus,75014184,Tabasalu lasteaed Tibutare,valla või linna ametiasutuste hallatav asutus,
KOV,Harku Vallavalitsus,75014190,Harku Lasteaed,valla või linna ametiasutuste hallatav asutus,
KOV,Harku Vallavalitsus,75014215,Harku valla Raamatukogud,valla või linna ametiasutuste hallatav asutus,
KOV,Tallinna Linnakantselei,75014221,Tallinna Kesklinna Valitsus,valla või linna ametiasutus,
KOV,Tallinna Linnakantselei,75014238,Kristiine Linnaosa Valitsus,valla või linna ametiasutus,
KOV,Tallinna Linnakantselei,75014244,Haabersti Linnaosa Valitsus,valla või linna ametiasutus,
KOV,Tallinna Linnakantselei,75014250,Pirita Linnaosa Valitsus,valla või linna ametiasutuste hallatav asutus,
KOV,Tallinna Linnakantselei,75014267,Mustamäe Linnaosa Valitsus,valla või linna ametiasutus,
KOV,Tallinna Linnakantselei,75014289,Tallinna Haridusamet,valla või linna ametiasutus,
KOV,Pärnu Linnavalitsus,75014304,Audru Kool,valla või linna ametiasutuste hallatav asutus,
KOV,Pärnu Linnavalitsus,75014310,Jõõpre Kool,valla või linna ametiasutuste hallatav asutus,
KOV,Pärnu Linnavalitsus,75014327,Lindi Lasteaed-Algkool,valla või linna ametiasutuste hallatav asutus,
KOV,Keila Linnavalitsus,75014468,Keila Sotsiaalkeskus,valla või linna ametiasutuste hallatav asutus,
KOV,Keila Linnavalitsus,75014474,Lasteaed Miki,valla või linna ametiasutuste hallatav asutus,
KOV,Keila Linnavalitsus,75014497,Keila Lasteaed Vikerkaar,valla või linna ametiasutuste hallatav asutus,
KOV,Keila Linnavalitsus,75014511,Keila Muusikakool,valla või linna ametiasutuste hallatav asutus,
KOV,Keila Linnavalitsus,75014534,Keila Kultuurikeskus,valla või linna ametiasutuste hallatav asutus,
KOV,Keila Linnavalitsus,75014540,Harju Maakonnaraamatukogu,valla või linna ametiasutuste hallatav asutus,
KOV,Saue Vallavalitsus,75014557,Saue Sotsiaalkeskus,valla või linna ametiasutuste hallatav asutus,
KOV,Saue Vallavalitsus,75014572,Saue Kool,valla või linna ametiasutuste hallatav asutus,
KOV,Saue Vallavalitsus,75014586,Saue lasteaed Midrimaa,valla või linna ametiasutuste hallatav asutus,
KOV,Saue Vallavalitsus,75014592,Saue Muusikakool,valla või linna ametiasutuste hallatav asutus,
KOV,Põhja-Sakala Vallavalitsus,75014652,Kõpu Põhikool,valla või linna ametiasutuste hallatav asutus,
KOV,Pärnu Linnavalitsus,75014669,Pärnu Päikese Kool,valla või linna ametiasutuste hallatav asutus,
KOV,Lääne-Nigula Vallavalitsus,75014675,Pürksi Kultuurimaja,valla või linna ametiasutuste hallatav asutus,
KOV,Peipsiääre Vallavalitsus,75014787,Anna Haava nimeline Pala Kool,valla või linna ametiasutuste hallatav asutus,
KOV,Elva Vallavalitsus,75014830,Elva Linna Lasteaed,valla või linna ametiasutuste hallatav asutus,
KOV,Tallinna Linnakantselei,75014853,Tallinna Perekonnaseisuamet,valla või linna ametiasutus,
KOV,Tallinna Linnakantselei,75014882,Nõmme Linnaosa Valitsus,valla või linna ametiasutus,
KOV,Tallinna Linnakantselei,75014899,Mustamäe Päevakeskus,valla või linna ametiasutuste hallatav asutus,
KOV,Tallinna Linnakantselei,75014913,Tallinna Keskkonna- ja Kommunaalamet,valla või linna ametiasutus,
KOV,Peipsiääre Vallavalitsus,75014936,Alatskivi Kunstide Kool,valla või linna ametiasutuste hallatav asutus,
KOV,Tallinna Linnakantselei,75014942,Tallinna Linnaarhiiv,valla või linna ametiasutuste hallatav asutus,
KOV,Tallinna Linnakantselei,75014965,Tallinna Sotsiaal- ja Tervishoiuamet,valla või linna ametiasutus,
KOV,Tallinna Linnakantselei,75015031,Tallinna Linnavolikogu Kantselei,valla või linna ametiasutus,
KOV,Pärnu Linnavalitsus,75015077,Audru Lasteaed,valla või linna ametiasutuste hallatav asutus,
KOV,Pärnu Linnavalitsus,75015172,Audru Kultuuri-ja Spordikeskus,valla või linna ametiasutuste hallatav asutus,
KOV,Kastre Vallavalitsus,75015249,Melliste Kool,valla või linna ametiasutus,
KOV,Sillamäe Linnavalitsus,75015367,Sillamäe Muusikakool,valla või linna ametiasutuste hallatav asutus,
KOV,Sillamäe Linnavalitsus,75015373,Sillamäe Huvi- ja Noortekeskus Ulei,valla või linna ametiasutuste hallatav asutus,
KOV,Sillamäe Linnavalitsus,75015382,Sillamäe Raamatukogu,valla või linna ametiasutuste hallatav asutus,
KOV,Tartu Linnavalitsus,75015410,Ilmatsalu Põhikool,valla või linna ametiasutuste hallatav asutus,
KOV,Tartu Linnavalitsus,75015433,Ilmatsalu Lasteaed Lepatriinu,valla või linna ametiasutuste hallatav asutus,
KOV,Antsla Vallavalitsus,75015485,Kuldre Kool,valla või linna ametiasutuste hallatav asutus,
KOV,Antsla Vallavalitsus,75015491,Kuldre Raamatukogu,valla või linna ametiasutuste hallatav asutus,
KOV,Tori Vallavalitsus,75015580,Tori Lasteaed,valla või linna ametiasutuste hallatav asutus,
KOV,Tori Vallavalitsus,75015634,Tori Põhikool,valla või linna ametiasutuste hallatav asutus,
KOV,Järva Vallavalitsus,75015657,Järva Vallaraamatukogu,valla või linna ametiasutuste hallatav asutus,
KOV,Järva Vallavalitsus,75015692,Koigi Kool,valla või linna ametiasutuste hallatav asutus,
KOV,Kuusalu Vallavalitsus,75015723,Vihasoo Lasteaed-Algkool,valla või linna ametiasutuste hallatav asutus,
KOV,Tallinna Linnakantselei,75015730,Haabersti Tegevuskeskus,valla või linna ametiasutuste hallatav asutus,
KOV,Otepää Vallavalitsus,75015806,Keeni Põhikool,valla või linna ametiasutuste hallatav asutus,
KOV,Mulgi Vallavalitsus,75015829,Abja Kultuurimaja,valla või linna ametiasutuste hallatav asutus,
KOV,Mulgi Vallavalitsus,75015835,Abja Muusikakool,valla või linna ametiasutuste hallatav asutus,
KOV,Mulgi Vallavalitsus,75015864,Abja Gümnaasium,valla või linna ametiasutuste hallatav asutus,
KOV,Mulgi Vallavalitsus,75015870,Abja Lasteaed,valla või linna ametiasutuste hallatav asutus,
KOV,Narva-Jõesuu Linnavalitsus,75015893,Sinimäe Põhikool,valla või linna ametiasutuste hallatav asutus,
KOV,Mulgi Vallavalitsus,75015901,Halliste Rahvamaja,valla või linna ametiasutus,
KOV,Mulgi Vallavalitsus,75015918,Kaarli Rahvamaja,valla või linna ametiasutuste hallatav asutus,
KOV,Mulgi Vallavalitsus,75015924,Uue-Kariste Rahvamaja,valla või linna ametiasutuste hallatav asutus,
KOV,Mulgi Vallavalitsus,75015953,Halliste Raamatukogu,valla või linna ametiasutuste hallatav asutus,
KOV,Mulgi Vallavalitsus,75015960,Õisu Raamatukogu,valla või linna ametiasutuste hallatav asutus,
KOV,Tallinna Linnakantselei,75015982,Tallinna Spordikeskus,valla või linna ametiasutuste hallatav asutus,
KOV,Tallinna Linnakantselei,75016013,Lasnamäe Linnaosa Valitsus,valla või linna ametiasutus,
KOV,Tallinna Linnakantselei,75016036,Nõmme Kultuurikeskus,valla või linna ametiasutuste hallatav asutus,
KOV,Tallinna Linnakantselei,75016042,Nõmme Vaba Aja Keskus,valla või linna ametiasutuste hallatav asutus,
KOV,Tallinna Linnakantselei,75016059,Nõmme Sotsiaalmaja,valla või linna ametiasutuste hallatav asutus,
KOV,Tallinna Linnakantselei,75016071,Tallinna Keskraamatukogu,valla või linna ametiasutuste hallatav asutus,
KOV,Tallinna Linnakantselei,75016088,Tallinna Filharmoonia,valla või linna ametiasutuste hallatav asutus,
KOV,Tallinna Linnakantselei,75016094,Tallinna Linnateater,valla või linna ametiasutuste hallatav asutus,
KOV,Tallinna Linnakantselei,75016102,Tallinna Loomaaed,valla või linna ametiasutuste hallatav asutus,
KOV,Tallinna Linnakantselei,75016119,Tallinna Salme Kultuurikeskus,valla või linna ametiasutuste hallatav asutus,
KOV,Tallinna Linnakantselei,75016154,Nõmme Muusikakool,valla või linna ametiasutuste hallatav asutus,
KOV,Tallinna Linnakantselei,75016160,Tallinna Muusikakool,valla või linna ametiasutuste hallatav asutus,
KOV,Tallinna Linnakantselei,75016177,Tallinna Kunstikool,valla või linna ametiasutuste hallatav asutus,
KOV,Tallinna Linnakantselei,75016183,Tallinna Linnamuuseum,valla või linna ametiasutuste hallatav asutus,
KOV,Tallinna Linnakantselei,75016208,Tallinna Rahvaülikool,valla või linna ametiasutuste hallatav asutus,
KOV,Tallinna Linnakantselei,75016220,Kultuurikeskus Lindakivi,valla või linna ametiasutuste hallatav asutus,
KOV,Tapa Vallavalitsus,75016272,Tapa Valla Kool,valla või linna ametiasutuste hallatav asutus,
KOV,Tallinna Linnakantselei,75016326,Kristiine Tegevuskeskus,valla või linna ametiasutuste hallatav asutus,
KOV,Tallinna Linnakantselei,75016361,Tallinna Kesklinna Tegevuskeskus,valla või linna ametiasutuste hallatav asutus,
KOV,Räpina Vallavalitsus,75016415,Mehikoorma Põhikool,valla või linna ametiasutuste hallatav asutus,
KOV,Kastre Vallavalitsus,75016421,Järvselja Raamatukogu,valla või linna ametiasutuste hallatav asutus,
KOV,Kastre Vallavalitsus,75016444,Võõpste Raamatukogu,valla või linna ametiasutuste hallatav asutus,
KOV,Kastre Vallavalitsus,75016450,Melliste Raamatukogu,valla või linna ametiasutuste hallatav asutus,
KOV,Tallinna Linnakantselei,75016467,Tallinna Tondi Kool,valla või linna ametiasutuste hallatav asutus,
KOV,Tallinna Linnakantselei,75016486,Tallinna Huvikeskus Kullo,valla või linna ametiasutuste hallatav asutus,
KOV,Tallinna Linnakantselei,75016496,Tallinna Kristiine Lasteaed,valla või linna ametiasutuste hallatav asutus,
KOV,Tallinna Linnakantselei,75016510,Tallinna Lilleküla Gümnaasium,valla või linna ametiasutuste hallatav asutus,
KOV,Tallinna Linnakantselei,75016527,Tallinna Vindi Lasteaed,valla või linna ametiasutuste hallatav asutus,
KOV,Tallinna Linnakantselei,75016533,Tallinna Kristiine Gümnaasium,valla või linna ametiasutuste hallatav asutus,
KOV,Tallinna Linnakantselei,75016540,Tallinna Muinasjutu Lasteaed,valla või linna ametiasutuste hallatav asutus,
KOV,Tallinna Linnakantselei,75016556,Tallinna Haraka Lasteaed,valla või linna ametiasutus,
KOV,Tallinna Linnakantselei,75016562,Tallinna Kullerkupu Lasteaed,valla või linna ametiasutuste hallatav asutus,
KOV,Tallinna Linnakantselei,75016579,Tallinna Kannikese Lasteaed,valla või linna ametiasutuste hallatav asutus,
KOV,Tallinna Linnakantselei,75016585,Tallinna Lepatriinu Lasteaed,valla või linna ametiasutuste hallatav asutus,
KOV,Tallinna Linnakantselei,75016591,Tallinna Lille Lasteaed,valla või linna ametiasutuste hallatav asutus,
KOV,Tallinna Linnakantselei,75016605,Tallinna Linnupesa Lasteaed,valla või linna ametiasutuste hallatav asutus,
KOV,Tallinna Linnakantselei,75016616,Tallinna Mutionu Lasteaed,valla või linna ametiasutuste hallatav asutus,
KOV,Tallinna Linnakantselei,75016622,Tallinna Tihase Lasteaed,valla või linna ametiasutuste hallatav asutus,
KOV,Tallinna Linnakantselei,75016645,Tallinna Kivimäe Põhikool,valla või linna ametiasutuste hallatav asutus,
KOV,Tallinna Linnakantselei,75016651,Tallinna Nõmme Gümnaasium,valla või linna ametiasutuste hallatav asutus,
KOV,Tallinna Linnakantselei,75016668,Tallinna Nõmme Huvikool,valla või linna ametiasutuste hallatav asutus,
KOV,Tallinna Linnakantselei,75016674,Tallinna Nõmme Põhikool,valla või linna ametiasutus,
KOV,Tallinna Linnakantselei,75016697,Tallinna Pääsküla Kool,valla või linna ametiasutuste hallatav asutus,
KOV,Tallinna Linnakantselei,75016705,Tallinna Rahumäe Põhikool,valla või linna ametiasutuste hallatav asutus,
KOV,Tallinna Linnakantselei,75016728,Tallinna Lastesõim Hellik,valla või linna ametiasutuste hallatav asutus,
KOV,Tallinna Linnakantselei,75016734,Tallinna Lasteaed Kaseke,valla või linna ametiasutuste hallatav asutus,
KOV,Tallinna Linnakantselei,75016740,Tallinna Lasteaed Kraavikrõll,valla või linna ametiasutuste hallatav asutus,
KOV,Tallinna Linnakantselei,75016763,Tallinna Lasteaed Männimudila,valla või linna ametiasutuste hallatav asutus,
KOV,Tallinna Linnakantselei,75016770,Tallinna Lasteaed Nõmmekannike,valla või linna ametiasutuste hallatav asutus,
KOV,Tallinna Linnakantselei,75016786,Tallinna Lasteaed Rabarüblik,valla või linna ametiasutuste hallatav asutus,
KOV,Tallinna Linnakantselei,75016792,Lasnamäe Gümnaasium,valla või linna ametiasutuste hallatav asutus,
KOV,Tallinna Linnakantselei,75016800,Tallinna Tuule Lasteaed,valla või linna ametiasutuste hallatav asutus,
KOV,Tallinna Linnakantselei,75016817,Lasnamäe Vene Gümnaasium,valla või linna ametiasutuste hallatav asutus,
KOV,Tallinna Linnakantselei,75016852,Tallinna Kuristiku Gümnaasium,valla või linna ametiasutuste hallatav asutus,
KOV,Tallinna Linnakantselei,75016869,Tallinna Laagna Gümnaasium,valla või linna ametiasutuste hallatav asutus,
KOV,Tallinna Linnakantselei,75016875,Tallinna Laagna Lasteaed-Põhikool,valla või linna ametiasutus,
KOV,Tallinna Linnakantselei,75016898,Tallinna Linnamäe Vene Lütseum,valla või linna ametiasutuste hallatav asutus,
KOV,Tallinna Linnakantselei,75016906,Tallinna Läänemere Gümnaasium,valla või linna ametiasutuste hallatav asutus,
KOV,Tallinna Linnakantselei,75016912,Tallinna Mahtra Põhikool,valla või linna ametiasutuste hallatav asutus,
KOV,Tallinna Linnakantselei,75016935,Tallinna Pae Gümnaasium,valla või linna ametiasutuste hallatav asutus,
KOV,Tallinna Linnakantselei,75016958,Tallinna Lasteaed Kirsike,valla või linna ametiasutuste hallatav asutus,
KOV,Tallinna Linnakantselei,75016993,Tallinna Arbu Lasteaed,valla või linna ametiasutuste hallatav asutus,
KOV,Tallinna Linnakantselei,75017001,Tallinna Asunduse Lasteaed,valla või linna ametiasutuste hallatav asutus,
KOV,Tallinna Linnakantselei,75017030,Tallinna Kivila Lasteaed,valla või linna ametiasutuste hallatav asutus,
KOV,Tallinna Linnakantselei,75017047,Tallinna Kivimurru Lasteaed,valla või linna ametiasutuste hallatav asutus,
KOV,Tallinna Linnakantselei,75017053,Tallinna Kuristiku Lasteaed,valla või linna ametiasutuste hallatav asutus,
KOV,Tallinna Linnakantselei,75017067,Tallinna Lasteaed Laagna Rukkilill,valla või linna ametiasutuste hallatav asutus,
KOV,Tallinna Linnakantselei,75017076,Tallinna Liikuri Lasteaed,valla või linna ametiasutuste hallatav asutus,
KOV,Tallinna Linnakantselei,75017082,Tallinna Lindakivi Lasteaed,valla või linna ametiasutuste hallatav asutus,
KOV,Tallinna Linnakantselei,75017099,Tallinna Linnamäe Lasteaed,valla või linna ametiasutuste hallatav asutus,
KOV,Tallinna Linnakantselei,75017107,Tallinna Loitsu Lasteaed,valla või linna ametiasutuste hallatav asutus,
KOV,Tallinna Linnakantselei,75017113,Tallinna Läänemere Lasteaed,valla või linna ametiasutuste hallatav asutus,
KOV,Tallinna Linnakantselei,75017121,Tallinna Mahtra Lasteaed,valla või linna ametiasutus,
KOV,Tallinna Linnakantselei,75017142,Tallinna Muhu Lasteaed,valla või linna ametiasutuste hallatav asutus,
KOV,Tallinna Linnakantselei,75017159,Tallinna Mustakivi Lasteaed,valla või linna ametiasutuste hallatav asutus,
KOV,Tallinna Linnakantselei,75017165,Tallinna Paekaare Lasteaed,valla või linna ametiasutuste hallatav asutus,
KOV,Tallinna Linnakantselei,75017171,Tallinna Pallasti Lasteaed,valla või linna ametiasutuste hallatav asutus,
KOV,Tallinna Linnakantselei,75017188,Tallinna Priisle Lasteaed,valla või linna ametiasutuste hallatav asutus,
KOV,Tallinna Linnakantselei,75017194,Tallinna Pae Lasteaed,valla või linna ametiasutuste hallatav asutus,
KOV,Tallinna Linnakantselei,75017202,Tallinna Raadiku Lasteaed,valla või linna ametiasutuste hallatav asutus,
KOV,Tallinna Linnakantselei,75017219,Tallinna Seli Lasteaed,valla või linna ametiasutuste hallatav asutus,
KOV,Tallinna Linnakantselei,75017225,Tallinna Sikupilli Lasteaed,valla või linna ametiasutuste hallatav asutus,
KOV,Tallinna Linnakantselei,75017231,Tallinna Suur-Pae Lasteaed,valla või linna ametiasutuste hallatav asutus,
KOV,Tallinna Linnakantselei,75017248,Tallinna Vormsi Lasteaed,valla või linna ametiasutuste hallatav asutus,
KOV,Tallinna Linnakantselei,75017260,Tallinna Ümera Lasteaed,valla või linna ametiasutuste hallatav asutus,
KOV,Tallinna Linnakantselei,75017283,Ehte Humanitaargümnaasium,valla või linna ametiasutuste hallatav asutus,
KOV,Tallinna Linnakantselei,75017296,Kalamaja Põhikool,valla või linna ametiasutuste hallatav asutus,
KOV,Tallinna Linnakantselei,75017314,Karjamaa Põhikool,valla või linna ametiasutuste hallatav asutus,
KOV,Tallinna Linnakantselei,75017337,Pelgulinna Gümnaasium,valla või linna ametiasutuste hallatav asutus,
KOV,Tallinna Linnakantselei,75017350,Ristiku Põhikool,valla või linna ametiasutuste hallatav asutus,
KOV,Tallinna Linnakantselei,75017372,Tallinna Kunstigümnaasium,valla või linna ametiasutuste hallatav asutus,
KOV,Tallinna Linnakantselei,75017389,Tallinna Heleni Kool,valla või linna ametiasutuste hallatav asutus,
KOV,Tallinna Linnakantselei,75017403,Tallinna Kopli Huvikool,valla või linna ametiasutus,
KOV,Tallinna Linnakantselei,75017432,Kalamaja Lasteaed,valla või linna ametiasutuste hallatav asutus,
KOV,Tallinna Linnakantselei,75017449,Kolde Lasteaed,valla või linna ametiasutuste hallatav asutus,
KOV,Tallinna Linnakantselei,75017455,Kopli Lasteaed,valla või linna ametiasutuste hallatav asutus,
KOV,Tallinna Linnakantselei,75017461,Lasteaed Kajakas,valla või linna ametiasutuste hallatav asutus,
KOV,Tallinna Linnakantselei,75017478,Lasteaed Kelluke,valla või linna ametiasutuste hallatav asutus,
KOV,Tallinna Linnakantselei,75017484,Lasteaed Maasikas,valla või linna ametiasutuste hallatav asutus,
KOV,Tallinna Linnakantselei,75017490,Tallinna Lastesõim Mõmmik,valla või linna ametiasutuste hallatav asutus,
KOV,Tallinna Linnakantselei,75017509,Tallinna Männiku Lasteaed,valla või linna ametiasutuste hallatav asutus,
KOV,Tallinna Linnakantselei,75017521,Tallinna Raku Lasteaed,valla või linna ametiasutuste hallatav asutus,
KOV,Tallinna Linnakantselei,75017538,Merivälja Kool,valla või linna ametiasutuste hallatav asutus,
KOV,Tallinna Linnakantselei,75017544,Pirita Majandusgümnaasium,valla või linna ametiasutuste hallatav asutus,
KOV,Tallinna Linnakantselei,75017567,Merivälja Lasteaed,valla või linna ametiasutuste hallatav asutus,
KOV,Tallinna Linnakantselei,75017573,Pirita Kose Lasteaed,valla või linna ametiasutuste hallatav asutus,
KOV,Tallinna Linnakantselei,75017580,Pirita Lasteaed,valla või linna ametiasutuste hallatav asutus,
KOV,Tallinna Linnakantselei,75017596,Gustav Adolfi Gümnaasium,valla või linna ametiasutuste hallatav asutus,
KOV,Tallinna Linnakantselei,75017604,Jakob Westholmi Gümnaasium,valla või linna ametiasutuste hallatav asutus,
KOV,Tallinna Linnakantselei,75017610,Kadrioru Saksa Gümnaasium,valla või linna ametiasutuste hallatav asutus,
KOV,Tallinna Linnakantselei,75017627,Tallinna Südalinna Kool,valla või linna ametiasutuste hallatav asutus,
KOV,Tallinna Linnakantselei,75017644,Tallinna 21. Kool,valla või linna ametiasutuste hallatav asutus,
KOV,Tallinna Linnakantselei,75017656,Tallinna Humanitaargümnaasium,valla või linna ametiasutuste hallatav asutus,
KOV,Tallinna Linnakantselei,75017662,Tallinna Inglise Kolledz,valla või linna ametiasutuste hallatav asutus,
KOV,Tallinna Linnakantselei,75017685,Tallinna Juudi Kool,valla või linna ametiasutuste hallatav asutus,
KOV,Tallinna Linnakantselei,75017691,Lasnamäe Põhikool,valla või linna ametiasutuste hallatav asutus,
KOV,Tallinna Linnakantselei,75017709,Tallinna Täiskasvanute Gümnaasium,valla või linna ametiasutuste hallatav asutus,
KOV,Tallinna Linnakantselei,75017716,Tallinna Kesklinna Vene Gümnaasium,valla või linna ametiasutuste hallatav asutus,
KOV,Tallinna Linnakantselei,75017722,Tallinna Magdaleena Lasteaed,valla või linna ametiasutuste hallatav asutus,
KOV,Tallinna Linnakantselei,75017739,Tallinna Prantsuse Lütseum,valla või linna ametiasutuste hallatav asutus,
KOV,Tallinna Linnakantselei,75017745,Põhja-Tallinna Valitsus,valla või linna ametiasutuste hallatav asutus,
KOV,Tallinna Linnakantselei,75017751,Tallinna Reaalkool,valla või linna ametiasutuste hallatav asutus,
KOV,Tallinna Linnakantselei,75017774,Tallinna Tõnismäe Reaalkool,valla või linna ametiasutuste hallatav asutus,
KOV,Tallinna Linnakantselei,75017780,Tallinna Vanalinna Täiskasvanute Gümnaasium,valla või linna ametiasutuste hallatav asutus,
KOV,Tallinna Linnakantselei,75017797,Tallinna Ühisgümnaasium,valla või linna ametiasutuste hallatav asutus,
KOV,Tallinna Linnakantselei,75017805,Vanalinna Hariduskolleegium,valla või linna ametiasutuste hallatav asutus,
KOV,Tallinna Linnakantselei,75017828,Tallinna Kanutiaia Huvikool,valla või linna ametiasutuste hallatav asutus,
KOV,Tallinna Linnakantselei,75017840,Lasteaed Mesipuu,valla või linna ametiasutuste hallatav asutus,
KOV,Tallinna Linnakantselei,75017857,Tallinna Lasteaed Mudila,valla või linna ametiasutuste hallatav asutus,
KOV,Tallinna Linnakantselei,75017863,Lasteaed Naeratus,valla või linna ametiasutuste hallatav asutus,
KOV,Tallinna Linnakantselei,75017873,Lasteaed Ojake,valla või linna ametiasutuste hallatav asutus,
KOV,Tallinna Linnakantselei,75017892,Lasteaed Päikene,valla või linna ametiasutuste hallatav asutus,
KOV,Tallinna Linnakantselei,75017900,Lasteaed Pääsupesa,valla või linna ametiasutuste hallatav asutus,
KOV,Tallinna Linnakantselei,75017917,Lasteaed Rukkirääk,valla või linna ametiasutuste hallatav asutus,
KOV,Tallinna Linnakantselei,75017938,Lastesõim Päkapikk,valla või linna ametiasutuste hallatav asutus,
KOV,Tallinna Linnakantselei,75017952,Pelguranna Lasteaed,valla või linna ametiasutuste hallatav asutus,
KOV,Tallinna Linnakantselei,75017969,Sitsi Lasteaed,valla või linna ametiasutus,
KOV,Tallinna Linnakantselei,75017975,Taime Lasteaed,valla või linna ametiasutuste hallatav asutus,
KOV,Saaremaa Vallavalitsus,75018012,Mustjala Kool,valla või linna ametiasutuste hallatav asutus,
KOV,Tallinna Linnakantselei,75018041,Tallinna Kullatera Lasteaed,valla või linna ametiasutuste hallatav asutus,
KOV,Tallinna Linnakantselei,75018058,Tallinna Jaan Poska Lasteaed,valla või linna ametiasutuste hallatav asutus,
KOV,Tallinna Linnakantselei,75018093,Rõõmutarekese Lasteaed,valla või linna ametiasutuste hallatav asutus,
KOV,Tallinna Linnakantselei,75018101,Tallinna Lasteaed Südameke,valla või linna ametiasutuste hallatav asutus,
KOV,Tallinna Linnakantselei,75018147,Tallinna Päevalille Lasteaed,valla või linna ametiasutuste hallatav asutus,
KOV,Tallinna Linnakantselei,75018153,Lastesõim Planeedi Mudila,valla või linna ametiasutuste hallatav asutus,
KOV,Tallinna Linnakantselei,75018207,Tallinna Õpetajate Maja,valla või linna ametiasutuste hallatav asutus,
KOV,Tallinna Linnakantselei,75018213,Tallinna Kiisa Lasteaed,valla või linna ametiasutuste hallatav asutus,
KOV,Tallinna Linnakantselei,75018236,Tallinna Endla Lasteaed,valla või linna ametiasutus,
KOV,Tallinna Linnakantselei,75018271,Tallinna Virmalise Lasteaed,valla või linna ametiasutuste hallatav asutus,
KOV,Tallinna Linnakantselei,75018288,Tallinna Mürakaru Lasteaed,valla või linna ametiasutuste hallatav asutus,
KOV,Tallinna Linnakantselei,75018302,Tallinna Liivalossi Lasteaed,valla või linna ametiasutuste hallatav asutus,
KOV,Tallinna Linnakantselei,75018319,Tallinna Päikesejänku Lasteaed,valla või linna ametiasutuste hallatav asutus,
KOV,Tallinna Linnakantselei,75018354,Tallinna Luha Lasteaed,valla või linna ametiasutuste hallatav asutus,
KOV,Tallinna Linnakantselei,75018360,Tallinna Komeedi Lasteaed,valla või linna ametiasutuste hallatav asutus,
KOV,Tallinna Linnakantselei,75018377,Tallinna Suitsupääsupesa Lasteaed,valla või linna ametiasutuste hallatav asutus,
KOV,Tallinna Linnakantselei,75018383,Tallinna Unistuse Lasteaed,valla või linna ametiasutuste hallatav asutus,
KOV,Tallinna Linnakantselei,75018390,Tallinna Liivamäe Lasteaed,valla või linna ametiasutuste hallatav asutus,
KOV,Tallinna Linnakantselei,75018408,Tallinna Haabersti Gümnaasium,valla või linna ametiasutuste hallatav asutus,
KOV,Tallinna Linnakantselei,75018414,Mustamäe Huvikool,valla või linna ametiasutuste hallatav asutus,
KOV,Tallinna Linnakantselei,75018420,Tallinna 32. Keskkool,valla või linna ametiasutuste hallatav asutus,
KOV,Tallinna Linnakantselei,75018443,Tallinna Arte Gümnaasium,valla või linna ametiasutuste hallatav asutus,
KOV,Tallinna Linnakantselei,75018454,Tallinna 53. Keskkool,valla või linna ametiasutuste hallatav asutus,
KOV,Tallinna Linnakantselei,75018472,Tallinna Lepistiku Lasteaed,valla või linna ametiasutuste hallatav asutus,
KOV,Tallinna Linnakantselei,75018489,Tallinna Tammetõru Lasteaed,valla või linna ametiasutuste hallatav asutus,
KOV,Tallinna Linnakantselei,75018495,Tallinna Lasteaed Delfiin,valla või linna ametiasutuste hallatav asutus,
KOV,Tallinna Linnakantselei,75018503,Tallinna Mustamäe Gümnaasium,valla või linna ametiasutuste hallatav asutus,
KOV,Tallinna Linnakantselei,75018519,Tallinna Mustamäe Humanitaargümnaasium,valla või linna ametiasutuste hallatav asutus,
KOV,Tallinna Linnakantselei,75018526,Tallinna Mustamäe Reaalgümnaasium,valla või linna ametiasutuste hallatav asutus,
KOV,Tallinna Linnakantselei,75018561,Pirita Vaba Aja Keskus,valla või linna ametiasutuste hallatav asutus,
KOV,Saaremaa Vallavalitsus,75018621,Kärla Põhikool,valla või linna ametiasutuste hallatav asutus,
KOV,Saaremaa Vallavalitsus,75018638,Kärla Spordihall,valla või linna ametiasutuste hallatav asutus,
KOV,Võru Vallavalitsus,75018683,Kääpa Sotsiaalkeskus,valla või linna ametiasutuste hallatav asutus,
KOV,Võru Vallavalitsus,75018696,Lasva Lasteaed Pargihaldjas,valla või linna ametiasutuste hallatav asutus,
KOV,Häädemeeste Vallavalitsus,75018704,Häädemeeste Sotsiaalkeskus,valla või linna ametiasutuste hallatav asutus,
KOV,Saaremaa Vallavalitsus,75018779,Aste Põhikool,valla või linna ametiasutuste hallatav asutus,
KOV,Saaremaa Vallavalitsus,75018822,Aste Lasteaed Mõmmik,valla või linna ametiasutuste hallatav asutus,
KOV,Tallinna Linnakantselei,75018839,Paljassaare Sotsiaalmaja,valla või linna ametiasutuste hallatav asutus,
KOV,Tallinna Linnakantselei,75018845,Põhja-Tallinna Tegevuskeskus,valla või linna ametiasutus,
KOV,Tapa Vallavalitsus,75018868,Tapa Vallahooldus,valla või linna ametiasutuste hallatav asutus,
KOV,Kohtla-Järve Linnavalitsus,75018880,Kohtla-Järve Põlevkivimuuseum,valla või linna ametiasutuste hallatav asutus,
KOV,Tallinna Linnakantselei,75018897,Tallinna Saksa Gümnaasium,valla või linna ametiasutuste hallatav asutus,
KOV,Tallinna Linnakantselei,75018905,Tallinna Tehnikagümnaasium,valla või linna ametiasutuste hallatav asutus,
KOV,Tallinna Linnakantselei,75018911,Tallinna Lasteaed Vesiroos,valla või linna ametiasutuste hallatav asutus,
KOV,Tallinna Linnakantselei,75018928,Tallinna Tähekese Lasteaed,valla või linna ametiasutuste hallatav asutus,
KOV,Tallinna Linnakantselei,75018934,Tallinna Kadaka Lasteaed,valla või linna ametiasutuste hallatav asutus,
KOV,Tallinna Linnakantselei,75018940,Tallinna Lehola Lasteaed,valla või linna ametiasutuste hallatav asutus,
KOV,Tallinna Linnakantselei,75018963,Tallinna Järveotsa Gümnaasium,valla või linna ametiasutuste hallatav asutus,
KOV,Tallinna Linnakantselei,75018977,Tallinna Sõbrakese Lasteaed,valla või linna ametiasutuste hallatav asutus,
KOV,Tallinna Linnakantselei,75018986,Tallinna Lasteaed Õunake,valla või linna ametiasutuste hallatav asutus,
KOV,Tallinna Linnakantselei,75018992,Tallinna Mustjõe Gümnaasium,valla või linna ametiasutuste hallatav asutus,
KOV,Tallinna Linnakantselei,75019000,Tallinna Allika Lasteaed,valla või linna ametiasutuste hallatav asutus,
KOV,Tallinna Linnakantselei,75019017,Tallinna Lasteaed Kiikhobu,valla või linna ametiasutuste hallatav asutus,
KOV,Tallinna Linnakantselei,75019023,Tallinna Lasteaed Kikas,valla või linna ametiasutuste hallatav asutus,
KOV,Tallinna Linnakantselei,75019035,Tallinna Lasteaed Mooniõied,valla või linna ametiasutuste hallatav asutus,
KOV,Tallinna Linnakantselei,75019046,Tallinna Lasteaed Pallipõnn,valla või linna ametiasutuste hallatav asutus,
KOV,Tallinna Linnakantselei,75019052,Tallinna Lasteaed Sinilind,valla või linna ametiasutuste hallatav asutus,
KOV,Tallinna Linnakantselei,75019069,Tallinna Liivaku Lasteaed,valla või linna ametiasutuste hallatav asutus,
KOV,Tallinna Linnakantselei,75019075,Tallinna Männi Lasteaed,valla või linna ametiasutus,
KOV,Tallinna Linnakantselei,75019098,Tallinna Männikäbi Lasteaed,valla või linna ametiasutuste hallatav asutus,
KOV,Tallinna Linnakantselei,75019106,Tallinna Rõõmupesa Lasteaed,valla või linna ametiasutuste hallatav asutus,
KOV,Tallinna Linnakantselei,75019112,Tallinna Kadaka Põhikool,valla või linna ametiasutuste hallatav asutus,
KOV,Tallinna Linnakantselei,75019129,Tallinna Õismäe Gümnaasium,valla või linna ametiasutuste hallatav asutus,
KOV,Tallinna Linnakantselei,75019135,Tallinna Õismäe Vene Lütseum,valla või linna ametiasutuste hallatav asutus,
KOV,Tallinna Linnakantselei,75019141,Tallinna Järveotsa Lasteaed,valla või linna ametiasutus,
KOV,Tallinna Linnakantselei,75019158,Tallinna Lasteaed Karikakar,valla või linna ametiasutuste hallatav asutus,
KOV,Tallinna Linnakantselei,75019164,Tallinna Lasteaed Pääsusilm,valla või linna ametiasutuste hallatav asutus,
KOV,Tallinna Linnakantselei,75019170,Tallinna Lasteaed Sinilill,valla või linna ametiasutuste hallatav asutus,
KOV,Tallinna Linnakantselei,75019187,Tallinna Lasteaed Vikerkaar,valla või linna ametiasutuste hallatav asutus,
KOV,Tallinna Linnakantselei,75019193,Tallinna Meelespea Lasteaed,valla või linna ametiasutuste hallatav asutus,
KOV,Tallinna Linnakantselei,75019201,Tallinna Nurmenuku Lasteaed,valla või linna ametiasutuste hallatav asutus,
KOV,Tallinna Linnakantselei,75019218,Tallinna Rukkilille Lasteaed,valla või linna ametiasutus,
KOV,Tallinna Linnakantselei,75019247,Tallinna Laste Turvakeskus,valla või linna ametiasutuste hallatav asutus,
KOV,Tallinna Linnakantselei,75019264,Iru Hooldekodu,valla või linna ametiasutuste hallatav asutus,
KOV,Tallinna Linnakantselei,75019371,Tallinna Kiirabi,valla või linna ametiasutuste hallatav asutus,
KOV,Tapa Vallavalitsus,75019508,Tapa Vallaraamatukogu,valla või linna ametiasutuste hallatav asutus,
KOV,Tapa Vallavalitsus,75019520,Tapa Muusika- ja Kunstikool,valla või linna ametiasutuste hallatav asutus,
KOV,Tapa Vallavalitsus,75019537,Tapa Valla Hooldekodu,valla või linna ametiasutuste hallatav asutus,
KOV,Tapa Vallavalitsus,75019558,Tapa Valla Gümnaasium,valla või linna ametiasutuste hallatav asutus,
KOV,Tapa Vallavalitsus,75019572,Lasteaed Pisipõnn,valla või linna ametiasutuste hallatav asutus,
KOV,Tapa Vallavalitsus,75019589,Lasteaed Vikerkaar,valla või linna ametiasutuste hallatav asutus,
KOV,Saaremaa Vallavalitsus,75019632,Pärsama Hooldekodu,valla või linna ametiasutuste hallatav asutus,
KOV,Saaremaa Vallavalitsus,75019684,Leisi Kool,valla või linna ametiasutuste hallatav asutus,
KOV,Saku Vallavalitsus,75019744,Saku Gümnaasium,valla või linna ametiasutuste hallatav asutus,
KOV,Saku Vallavalitsus,75019750,Kurtna Kool,valla või linna ametiasutuste hallatav asutus,
KOV,Saku Vallavalitsus,75019773,Saku Lasteaed Päikesekild,valla või linna ametiasutuste hallatav asutus,
KOV,Saku Vallavalitsus,75019787,Saku Lasteaed Terake,valla või linna ametiasutuste hallatav asutus,
KOV,Saku Vallavalitsus,75019796,Saku Muusikakool,valla või linna ametiasutuste hallatav asutus,
KOV,Saku Vallavalitsus,75019804,Saku Vallaraamatukogu,valla või linna ametiasutuste hallatav asutus,
KOV,Hiiumaa Vallavalitsus,75019856,Pühalepa Vaba Aja Keskus,valla või linna ametiasutus,
KOV,Hiiumaa Vallavalitsus,75019885,Pühalepa Raamatukogu,valla või linna ametiasutuste hallatav asutus,
KOV,Hiiumaa Vallavalitsus,75019922,Palade Lasteaed,valla või linna ametiasutuste hallatav asutus,
KOV,Võru Linnavalitsus,75020003,Võrumaa Keskraamatukogu,valla või linna ametiasutuste hallatav asutus,
KOV,Võru Linnavalitsus,75020017,Võru Spordikool,valla või linna ametiasutuste hallatav asutus,
KOV,Võru Linnavalitsus,75020032,Võru Muusikakool,valla või linna ametiasutuste hallatav asutus,
KOV,Võru Linnavalitsus,75020055,Võru Lasteaed Okasroosike,valla või linna ametiasutuste hallatav asutus,
KOV,Võru Linnavalitsus,75020061,Võru Lasteaed Sõleke,valla või linna ametiasutuste hallatav asutus,
KOV,Võru Linnavalitsus,75020078,Võru Lasteaed Punamütsike,valla või linna ametiasutuste hallatav asutus,
KOV,Võru Linnavalitsus,75020084,Võru Lasteaed Päkapikk,valla või linna ametiasutuste hallatav asutus,
KOV,Võru Linnavalitsus,75020090,Võru Järve Kool,valla või linna ametiasutuste hallatav asutus,
KOV,Võru Linnavalitsus,75020144,Võru Kesklinna Kool,valla või linna ametiasutuste hallatav asutus,
KOV,Lääne-Harju Vallavalitsus,75020181,Padise Põhikool,valla või linna ametiasutuste hallatav asutus,
KOV,Lääne-Harju Vallavalitsus,75020204,Lääne-Harju Kultuuri- ja Noortekeskus,valla või linna ametiasutuste hallatav asutus,
KOV,Lääne-Harju Vallavalitsus,75020233,Risti Kool,valla või linna ametiasutuste hallatav asutus,
KOV,Räpina Vallavalitsus,75020300,Viluste Kool,valla või linna ametiasutus,
KOV,Räpina Vallavalitsus,75020316,Leevi Hooldekodu,valla või linna ametiasutuste hallatav asutus,
KOV,Tartu Vallavalitsus,75020345,Laeva Põhikool,valla või linna ametiasutuste hallatav asutus,
KOV,Tartu Vallavalitsus,75020351,Laeva Kultuurimaja,valla või linna ametiasutus,
KOV,Tartu Vallavalitsus,75020374,Laeva Rahvaraamatukogu,valla või linna ametiasutuste hallatav asutus,
KOV,Vinni Vallavalitsus,75020428,Ulvi Raamatukogu,valla või linna ametiasutuste hallatav asutus,
KOV,Vinni Vallavalitsus,75020434,Ulvi Kodu,valla või linna ametiasutuste hallatav asutus,
KOV,Saaremaa Vallavalitsus,75020457,Pöide Kool,valla või linna ametiasutuste hallatav asutus,
KOV,Viru-Nigula vallavalitsus,75020517,Viru-Nigula Sotsiaalhoolekande Keskus,valla või linna ametiasutuste hallatav asutus,
KOV,Viru-Nigula vallavalitsus,75020523,Viru-Nigula valla lasteaed Kelluke,valla või linna ametiasutuste hallatav asutus,
KOV,Viru-Nigula vallavalitsus,75020552,Viru-Nigula valla muusikakool,valla või linna ametiasutuste hallatav asutus,
KOV,Viru-Nigula vallavalitsus,75020569,Viru-Nigula valla raamatukogu,valla või linna ametiasutuste hallatav asutus,
KOV,Viru-Nigula vallavalitsus,75020581,Viru-Nigula valla kultuurikeskus,valla või linna ametiasutuste hallatav asutus,
KOV,Saaremaa Vallavalitsus,75020606,Kärla Lasteaed,valla või linna ametiasutuste hallatav asutus,
KOV,Saaremaa Vallavalitsus,75020612,Kärla Muusikakool,valla või linna ametiasutuste hallatav asutus,
KOV,Hiiumaa Vallavalitsus,75020641,Palade Põhikool,valla või linna ametiasutuste hallatav asutus,
KOV,Saaremaa Vallavalitsus,75020664,Valjala Põhikool,valla või linna ametiasutuste hallatav asutus,
KOV,Saaremaa Vallavalitsus,75020670,Valjala Lasteaed,valla või linna ametiasutuste hallatav asutus,
KOV,Saaremaa Vallavalitsus,75020724,Orissaare Gümnaasium,valla või linna ametiasutuste hallatav asutus,
KOV,Saaremaa Vallavalitsus,75020730,Orissaare Lasteaed Päikesekiir,valla või linna ametiasutuste hallatav asutus,
KOV,Saaremaa Vallavalitsus,75020769,Orissaare Muusikakool,valla või linna ametiasutuste hallatav asutus,
KOV,Saaremaa Vallavalitsus,75020807,Laimjala Kool,valla või linna ametiasutuste hallatav asutus,
KOV,Muhu Vallavalitsus,75020871,Hellamaa Raamatukogu,valla või linna ametiasutuste hallatav asutus,
KOV,Muhu Vallavalitsus,75020888,Liiva Raamatukogu,valla või linna ametiasutuste hallatav asutus,
KOV,Muhu Vallavalitsus,75020894,Muhu Põhikool,valla või linna ametiasutuste hallatav asutus,
KOV,Muhu Vallavalitsus,75020919,Muhu Lasteaed Munuke,valla või linna ametiasutuste hallatav asutus,
KOV,Muhu Vallavalitsus,75020925,Muhu Valla Kommunaalamet,valla või linna ametiasutuste hallatav asutus,
KOV,Rapla Vallavalitsus,75020948,Rapla Lasteaed Päkapikk,valla või linna ametiasutuste hallatav asutus,
KOV,Rapla Vallavalitsus,75020954,Rapla Lasteaed Naksitrallid,valla või linna ametiasutuste hallatav asutus,
KOV,Rapla Vallavalitsus,75020960,Rapla Lasteaed Kelluke,valla või linna ametiasutuste hallatav asutus,
KOV,Kehtna Vallavalitsus,75021008,Järvakandi Hooldekodu,valla või linna ametiasutuste hallatav asutus,
KOV,Võru Vallavalitsus,75021043,Vastseliina Muusikakool,valla või linna ametiasutuste hallatav asutus,
KOV,Võru Vallavalitsus,75021066,Vastseliina Gümnaasium,valla või linna ametiasutuste hallatav asutus,
KOV,Võru Vallavalitsus,75021103,Vastseliina Lasteaed,valla või linna ametiasutuste hallatav asutus,
KOV,Lääne-Harju Vallavalitsus,75021149,Paldiski Vene Põhikool,valla või linna ametiasutuste hallatav asutus,
KOV,Lääne-Harju Vallavalitsus,75021155,Paldiski Lasteaed Naerulind,valla või linna ametiasutuste hallatav asutus,
KOV,Lääne-Harju Vallavalitsus,75021161,Paldiski Lasteaed Sipsik,valla või linna ametiasutuste hallatav asutus,
KOV,Lääne-Harju Vallavalitsus,75021184,Lääne-Harju Valla Raamatukogu,valla või linna ametiasutuste hallatav asutus,
KOV,Haljala Vallavalitsus,75021238,Haljala Vallaraamatukogu,valla või linna ametiasutuste hallatav asutus,
KOV,Tallinna Linnakantselei,75021244,Tallinna Botaanikaaed,valla või linna ametiasutuste hallatav asutus,
KOV,Viimsi Vallavalitsus,75021285,Viimsi Kunstikool,valla või linna ametiasutuste hallatav asutus,
KOV,Viimsi Vallavalitsus,75021296,Viimsi Muusikakool,valla või linna ametiasutus,
KOV,Viimsi Vallavalitsus,75021304,Viimsi Kool,valla või linna ametiasutuste hallatav asutus,
KOV,Viimsi Vallavalitsus,75021327,Prangli Tervishoiupunkt,valla või linna ametiasutuste hallatav asutus,
KOV,Viimsi Vallavalitsus,75021333,Püünsi Kool,valla või linna ametiasutuste hallatav asutus,
KOV,Võru Vallavalitsus,75021356,Parksepa Keskkool,valla või linna ametiasutuste hallatav asutus,
KOV,Võru Vallavalitsus,75021362,Puiga Põhikool,valla või linna ametiasutuste hallatav asutus,
KOV,Võru Vallavalitsus,75021379,Võru valla lasteaed Lõunapärlid,valla või linna ametiasutuste hallatav asutus,
KOV,Võru Vallavalitsus,75021385,Puiga Lasteaed Siilike,valla või linna ametiasutuste hallatav asutus,
KOV,Võru Vallavalitsus,75021422,Võru Vallaraamatukogu,valla või linna ametiasutuste hallatav asutus,
KOV,Muhu Vallavalitsus,75021468,Muhu Muuseum,valla või linna ametiasutuste hallatav asutus,
KOV,Saaremaa Vallavalitsus,75021586,Salme Lasteaed,valla või linna ametiasutuste hallatav asutus,
KOV,Saaremaa Vallavalitsus,75021592,Salme Põhikool,valla või linna ametiasutuste hallatav asutus,
KOV,Elva Vallavalitsus,75021617,Puhja Kool,valla või linna ametiasutuste hallatav asutus,
KOV,Elva Vallavalitsus,75021633,Puhja Lasteaed Pääsusilm,valla või linna ametiasutuste hallatav asutus,
KOV,Elva Vallavalitsus,75021652,Puhja Raamatukogu,valla või linna ametiasutuste hallatav asutus,
KOV,Elva Vallavalitsus,75021681,Puhja Seltsimaja,valla või linna ametiasutuste hallatav asutus,
KOV,Viimsi Vallavalitsus,75021698,Munitsipaallasteasutus Viimsi Lasteaiad,valla või linna ametiasutuste hallatav asutus,
KOV,Viimsi Vallavalitsus,75021706,Viimsi Raamatukogu,valla või linna ametiasutuste hallatav asutus,
KOV,Viimsi Vallavalitsus,75021712,Prangli Põhikool,valla või linna ametiasutuste hallatav asutus,
KOV,Kehtna Vallavalitsus,75021758,Kehtna Põhikool,valla või linna ametiasutuste hallatav asutus,
KOV,Kehtna Vallavalitsus,75021770,Valtu Põhikool,valla või linna ametiasutuste hallatav asutus,
KOV,Kehtna Vallavalitsus,75021787,Eidapere Kultuurikeskus,valla või linna ametiasutuste hallatav asutus,
KOV,Kehtna Vallavalitsus,75021793,Kehtna Klubi,valla või linna ametiasutuste hallatav asutus,
KOV,Kehtna Vallavalitsus,75021801,Lelle Rahvamaja,valla või linna ametiasutuste hallatav asutus,
KOV,Kehtna Vallavalitsus,75021818,Valtu Seltsimaja,valla või linna ametiasutuste hallatav asutus,
KOV,Kehtna Vallavalitsus,75021847,Kehtna Lasteaed,valla või linna ametiasutuste hallatav asutus,
KOV,Kehtna Vallavalitsus,75021907,Kehtna Raamatukogu,valla või linna ametiasutuste hallatav asutus,
KOV,Kehtna Vallavalitsus,75021959,Kehtna Kunstide Kool,valla või linna ametiasutuste hallatav asutus,
KOV,Põhja-Sakala Vallavalitsus,75021988,Kirivere Kool,valla või linna ametiasutuste hallatav asutus,
KOV,Põhja-Sakala Vallavalitsus,75021994,Pilistvere Raamatukogu,valla või linna ametiasutuste hallatav asutus,
KOV,Põhja-Sakala Vallavalitsus,75022031,Pilistvere Hooldekodu,valla või linna ametiasutuste hallatav asutus,
KOV,Saaremaa Vallavalitsus,75022077,Kihelkonna Hooldekodu,valla või linna ametiasutuste hallatav asutus,
KOV,Saaremaa Vallavalitsus,75022095,Kihelkonna Kool,valla või linna ametiasutuste hallatav asutus,
KOV,Kiili Vallavalitsus,75022203,Kiili Raamatukogu,valla või linna ametiasutuste hallatav asutus,
KOV,Kiili Vallavalitsus,75022214,Kiili Kunstide Kool,valla või linna ametiasutuste hallatav asutus,
KOV,Jõgeva Vallavalitsus,75022232,Siimusti Lastekeskus Metsatareke,valla või linna ametiasutuste hallatav asutus,
KOV,Antsla Vallavalitsus,75022249,Linda Raamatukogu,valla või linna ametiasutuste hallatav asutus,
KOV,Antsla Vallavalitsus,75022255,Tsooru Raamatukogu,valla või linna ametiasutuste hallatav asutus,
KOV,Saaremaa Vallavalitsus,75022344,Kaali Kool,valla või linna ametiasutuste hallatav asutus,
KOV,Elva Vallavalitsus,75022396,Ulila Keskus,valla või linna ametiasutuste hallatav asutus,
KOV,Lääneranna Vallavalitsus,75022404,Lihula Muusika- ja Kunstikool,valla või linna ametiasutuste hallatav asutus,
KOV,Vormsi Vallavalitsus,75022433,Vormsi Lasteaed-Põhikool,valla või linna ametiasutuste hallatav asutus,
KOV,Vormsi Vallavalitsus,75022443,Vormsi Raamatukogu,valla või linna ametiasutuste hallatav asutus,
KOV,Haapsalu Linnavalitsus,75022485,Uuemõisa Lasteaed-Algkool,valla või linna ametiasutuste hallatav asutus,
KOV,Haapsalu Linnavalitsus,75022508,Ridala Põhikool,valla või linna ametiasutuste hallatav asutus,
KOV,Tallinna Linnakantselei,75022539,Tallinna Lastekodu,valla või linna ametiasutuste hallatav asutus,
KOV,Maardu Linnavalitsus,75022545,Maardu Linna Haldusbüroo,valla või linna ametiasutuste hallatav asutus,
KOV,Väike-Maarja Vallavalitsus,75022551,Tammiku Hooldekodu,valla või linna ametiasutuste hallatav asutus,
KOV,Kuusalu Vallavalitsus,75022574,Kuusalu Keskkool,valla või linna ametiasutuste hallatav asutus,
KOV,Põhja-Sakala Vallavalitsus,75022597,Võhma Kool,valla või linna ametiasutuste hallatav asutus,
KOV,Põhja-Sakala Vallavalitsus,75022628,Võhma Lasteaed Mänguveski,valla või linna ametiasutuste hallatav asutus,
KOV,Kehtna Vallavalitsus,75022634,Järvakandi Kultuurihall,valla või linna ametiasutuste hallatav asutus,
KOV,Kehtna Vallavalitsus,75022640,Järvakandi Kool,valla või linna ametiasutuste hallatav asutus,
KOV,Kehtna Vallavalitsus,75022657,Järvakandi Lasteaed Pesamuna,valla või linna ametiasutuste hallatav asutus,
KOV,Kehtna Vallavalitsus,75022663,Järvakandi Klaasimuuseum,valla või linna ametiasutuste hallatav asutus,
KOV,Loksa Linnavalitsus,75022737,Loksa Gümnaasium,valla või linna ametiasutuste hallatav asutus,
KOV,Märjamaa Vallavalitsus,75022752,Märjamaa Ujula,valla või linna ametiasutuste hallatav asutus,
KOV,Märjamaa Vallavalitsus,75022769,Märjamaa Sotsiaalkeskus,valla või linna ametiasutuste hallatav asutus,
KOV,Märjamaa Vallavalitsus,75022781,Märjamaa Valla Rahvamaja,valla või linna ametiasutuste hallatav asutus,
KOV,Märjamaa Vallavalitsus,75022798,Märjamaa Valla Raamatukogu,valla või linna ametiasutuste hallatav asutus,
KOV,Märjamaa Vallavalitsus,75022806,Märjamaa Muusika- ja Kunstikool,valla või linna ametiasutuste hallatav asutus,
KOV,Märjamaa Vallavalitsus,75022812,Märjamaa Gümnaasium,valla või linna ametiasutuste hallatav asutus,
KOV,Märjamaa Vallavalitsus,75022829,Märjamaa Lasteaed Pillerpall,valla või linna ametiasutuste hallatav asutus,
KOV,Märjamaa Vallavalitsus,75022841,Varbola Rahvamaja,valla või linna ametiasutuste hallatav asutus,
KOV,Märjamaa Vallavalitsus,75022864,Sillaotsa Talumuuseum,valla või linna ametiasutuste hallatav asutus,
KOV,Märjamaa Vallavalitsus,75022887,Valgu Põhikool,valla või linna ametiasutuste hallatav asutus,
KOV,Märjamaa Vallavalitsus,75022966,Haimre Rahvamaja,valla või linna ametiasutuste hallatav asutus,
KOV,Märjamaa Vallavalitsus,75022976,Valgu Rahvamaja,valla või linna ametiasutuste hallatav asutus,
KOV,Põlva Vallavalitsus,75023007,Ahja Kultuurimaja,valla või linna ametiasutus,
KOV,Rapla Vallavalitsus,75023102,Kabala Lasteaed-Põhikool,valla või linna ametiasutuste hallatav asutus,
KOV,Ruhnu Vallavalitsus,75023183,Ruhnu Raamatukogu,valla või linna ametiasutuste hallatav asutus,
KOV,Ruhnu Vallavalitsus,75023199,Ruhnu Põhikool,valla või linna ametiasutuste hallatav asutus,
KOV,Mulgi Vallavalitsus,75023214,Lilli Külamaja,valla või linna ametiasutuste hallatav asutus,
KOV,Mulgi Vallavalitsus,75023237,Karksi Külamaja,valla või linna ametiasutuste hallatav asutus,
KOV,Mulgi Vallavalitsus,75023253,Karksi-Nuia Spordikool,valla või linna ametiasutuste hallatav asutus,
KOV,Saaremaa Vallavalitsus,75023272,Kuressaare Tuulte Roosi Lasteaed,valla või linna ametiasutuste hallatav asutus,
KOV,Saaremaa Vallavalitsus,75023289,Kuressaare Ristiku Lasteaed,valla või linna ametiasutuste hallatav asutus,
KOV,Saaremaa Vallavalitsus,75023295,Kuressaare Pargi Lasteaed,valla või linna ametiasutuste hallatav asutus,
KOV,Saaremaa Vallavalitsus,75023303,Kuressaare Rohu Lasteaed,valla või linna ametiasutuste hallatav asutus,
KOV,Saaremaa Vallavalitsus,75023332,Kuressaare Ida-Niidu Lasteaed,valla või linna ametiasutuste hallatav asutus,
KOV,Saaremaa Vallavalitsus,75023349,Joosep Aaviku nimeline Kuressaare Muusikakool,valla või linna ametiasutuste hallatav asutus,
KOV,Saaremaa Vallavalitsus,75023355,Saare Maakonna Keskraamatukogu,valla või linna ametiasutuste hallatav asutus,
KOV,Häädemeeste Vallavalitsus,75023384,Tahkuranna Lasteaed-Algkool,valla või linna ametiasutuste hallatav asutus,
KOV,Häädemeeste Vallavalitsus,75023390,Võiste Raamatukogu,valla või linna ametiasutuste hallatav asutus,
KOV,Häädemeeste Vallavalitsus,75023409,Uulu Raamatukogu,valla või linna ametiasutuste hallatav asutus,
KOV,Häädemeeste Vallavalitsus,75023438,Uulu Põhikool,valla või linna ametiasutuste hallatav asutus,
KOV,Loksa Linnavalitsus,75023444,Loksa Muusikakool,valla või linna ametiasutuste hallatav asutus,
KOV,Loksa Linnavalitsus,75023450,Loksa Lasteaed Õnnetriinu,valla või linna ametiasutuste hallatav asutus,
KOV,Loksa Linnavalitsus,75023467,Loksa Linnaraamatukogu,valla või linna ametiasutuste hallatav asutus,
KOV,Elva Vallavalitsus,75023616,Konguta Rahvamaja,valla või linna ametiasutuste hallatav asutus,
KOV,Elva Vallavalitsus,75023622,Konguta Kool,valla või linna ametiasutuste hallatav asutus,
KOV,Elva Vallavalitsus,75023639,Konguta Raamatukogu,valla või linna ametiasutuste hallatav asutus,
KOV,Jõgeva Vallavalitsus,75023674,Sadala Kool,valla või linna ametiasutuste hallatav asutus,
KOV,Jõgeva Vallavalitsus,75023680,Carl Robert Jakobsoni nimeline Torma Põhikool,valla või linna ametiasutuste hallatav asutus,
KOV,Tallinna Linnakantselei,75023757,Tallinna Linnavaraamet,valla või linna ametiasutus,
KOV,Toila Vallavalitsus,75023776,Toila valla Spordi- ja Kultuurikeskus,valla või linna ametiasutuste hallatav asutus,
KOV,Tallinna Linnakantselei,75023800,Tallinna Sotsiaaltöö Keskus,valla või linna ametiasutuste hallatav asutus,
KOV,Tallinna Linnakantselei,75023817,Tallinna Strateegiakeskus,valla või linna ametiasutus,
KOV,Tallinna Linnakantselei,75023823,Tallinna Linnaplaneerimise Amet,valla või linna ametiasutus,
KOV,Rapla Vallavalitsus,75023846,Juuru ja Kaiu Hooldekodu,valla või linna ametiasutuste hallatav asutus,
KOV,Rapla Vallavalitsus,75023869,Lasteaed Sinilill,valla või linna ametiasutuste hallatav asutus,
KOV,Rapla Vallavalitsus,75023881,Juuru Eduard Vilde Kool,valla või linna ametiasutuste hallatav asutus,
KOV,Rapla Vallavalitsus,75023912,Juuru Rahvamaja,valla või linna ametiasutuste hallatav asutus,
KOV,Kiili Vallavalitsus,75023929,Kiili Gümnaasium,valla või linna ametiasutuste hallatav asutus,
KOV,Mustvee Vallavalitsus,75024001,Avinurme Gümnaasium,valla või linna ametiasutuste hallatav asutus,
KOV,Mustvee Vallavalitsus,75024018,Avinurme Lasteaed Naerulind,valla või linna ametiasutuste hallatav asutus,
KOV,Märjamaa Vallavalitsus,75024047,Vana-Vigala Rahvamaja,valla või linna ametiasutuste hallatav asutus,
KOV,Märjamaa Vallavalitsus,75024053,Kivi-Vigala Põhikool,valla või linna ametiasutuste hallatav asutus,
KOV,Märjamaa Vallavalitsus,75024063,Vana-Vigala Põhikool,valla või linna ametiasutuste hallatav asutus,
KOV,Märjamaa Vallavalitsus,75024107,Vana-Vigala Lasteaed,valla või linna ametiasutuste hallatav asutus,
KOV,Märjamaa Vallavalitsus,75024113,Kivi-Vigala Rahvamaja,valla või linna ametiasutuste hallatav asutus,
KOV,Haljala Vallavalitsus,75024142,Haljala valla kultuuri- ja vabaajakeskus,valla või linna ametiasutuste hallatav asutus,
KOV,Tartu Vallavalitsus,75024165,Piirissaare Raamatukogu,valla või linna ametiasutuste hallatav asutus,
KOV,Rapla Vallavalitsus,75024194,Rapla Hooldekeskus,valla või linna ametiasutuste hallatav asutus,
KOV,Rapla Vallavalitsus,75024202,Rapla Keskraamatukogu,valla või linna ametiasutuste hallatav asutus,
KOV,Rapla Vallavalitsus,75024219,Rapla Kultuurikeskus,valla või linna ametiasutuste hallatav asutus,
KOV,Rapla Vallavalitsus,75024225,Rapla Muusikakool,valla või linna ametiasutuste hallatav asutus,
KOV,Rapla Vallavalitsus,75024231,Rapla Vesiroosi Kool,valla või linna ametiasutuste hallatav asutus,
KOV,Lääne-Harju Vallavalitsus,75024254,Padise Lasteaed,valla või linna ametiasutuste hallatav asutus,
KOV,Narva Linnakantselei,75024260,Narva Linnavalitsuse Kultuuriosakond,valla või linna ametiasutus,
KOV,Narva Linnakantselei,75024283,Narva Laste Loomemaja,valla või linna ametiasutuste hallatav asutus,
KOV,Tartu Linnavalitsus,75024308,Tartu Rakenduslik Kolledž,valla või linna ametiasutuste hallatav asutus,
KOV,Narva Linnakantselei,75024314,Narva Kultuurimaja Rugodiv,valla või linna ametiasutuste hallatav asutus,
KOV,Narva Linnakantselei,75024337,Narva Muusikakool,valla või linna ametiasutuste hallatav asutus,
KOV,Narva Linnakantselei,75024357,Narva Pähklimäe Kool,valla või linna ametiasutuste hallatav asutus,
KOV,Narva Linnakantselei,75024411,Narva Lasteaed Sädemeke,valla või linna ametiasutuste hallatav asutus,
KOV,Narva Linnakantselei,75024426,Narva Lasteaed Pingviin,valla või linna ametiasutuste hallatav asutus,
KOV,Narva Linnakantselei,75024449,Narva Paemurru Spordikool,valla või linna ametiasutuste hallatav asutus,
KOV,Narva Linnakantselei,75024461,Narva Keskraamatukogu,valla või linna ametiasutuste hallatav asutus,
KOV,Narva Linnakantselei,75024484,Narva Linna Sümfooniaorkester,valla või linna ametiasutuste hallatav asutus,
KOV,Saaremaa Vallavalitsus,75024521,Kuressaare Täiskasvanute Gümnaasium,valla või linna ametiasutuste hallatav asutus,
KOV,Saaremaa Vallavalitsus,75024538,Kuressaare Hariduse Kool,valla või linna ametiasutus,
KOV,Saaremaa Vallavalitsus,75024544,Saaremaa Spordikool,valla või linna ametiasutuste hallatav asutus,
KOV,Saaremaa Vallavalitsus,75024567,Kuressaare Kunstikool,valla või linna ametiasutuste hallatav asutus,
KOV,Saaremaa Vallavalitsus,75024596,Saaremaa Noorsootöö Keskus,valla või linna ametiasutuste hallatav asutus,
KOV,Saaremaa Vallavalitsus,75024604,Kuressaare Vanalinna Kool,valla või linna ametiasutuste hallatav asutus,
KOV,Setomaa Vallavalitsus,75024627,Setomaa Kool,valla või linna ametiasutuste hallatav asutus,
KOV,Alutaguse Vallavalitsus,75024685,Mäetaguse Põhikool,valla või linna ametiasutuste hallatav asutus,
KOV,Anija Vallavalitsus,75024722,Alavere Lasteaed-Põhikool,valla või linna ametiasutuste hallatav asutus,
KOV,Anija Vallavalitsus,75024780,Anija Valla Kultuurikeskus,valla või linna ametiasutuste hallatav asutus,
KOV,Sillamäe Linnavalitsus,75024828,Sillamäe Kultuurikeskus,valla või linna ametiasutuste hallatav asutus,
KOV,Vinni Vallavalitsus,75024870,Tammiku Kodu,valla või linna ametiasutuste hallatav asutus,
KOV,Alutaguse Vallavalitsus,75024923,Illuka Kool,valla või linna ametiasutuste hallatav asutus,
KOV,Kohila Vallavalitsus,75024969,Prillimäe Lasteaed Põnnipere,valla või linna ametiasutuste hallatav asutus,
KOV,Viljandi Vallavalitsus,75024998,Viiratsi Kool,valla või linna ametiasutuste hallatav asutus,
KOV,Viljandi Vallavalitsus,75025006,Kalmetu Kool,valla või linna ametiasutuste hallatav asutus,
KOV,Maardu Linnavalitsus,75025035,Maardu Linnaarhiiv,valla või linna ametiasutus,
KOV,Rakvere Linnavalitsus,75025087,Rakvere Spordikool,valla või linna ametiasutuste hallatav asutus,
KOV,Rakvere Linnavalitsus,75025124,Rakvere Muusikakool,valla või linna ametiasutuste hallatav asutus,
KOV,Rakvere Linnavalitsus,75025130,Rakvere Põhikool,valla või linna ametiasutuste hallatav asutus,
KOV,Rakvere Linnavalitsus,75025147,Rakvere Linna Lasteaed,valla või linna ametiasutuste hallatav asutus,
KOV,Rakvere Linnavalitsus,75025153,Rakvere Reaalkool,valla või linna ametiasutuste hallatav asutus,
KOV,Rakvere Linnavalitsus,75025182,Rakvere Vabaduse Kool,valla või linna ametiasutuste hallatav asutus,
KOV,Rapla Vallavalitsus,75025207,Rapla Kesklinna Kool,valla või linna ametiasutuste hallatav asutus,
KOV,Setomaa Vallavalitsus,75025221,Setomaa Muuseumid,valla või linna ametiasutuste hallatav asutus,
KOV,Viljandi Vallavalitsus,75025265,Viiratsi Lasteaed Rüblik,valla või linna ametiasutuste hallatav asutus,
KOV,Viljandi Vallavalitsus,75025302,Viiratsi Rahvamaja,valla või linna ametiasutuste hallatav asutus,
KOV,Viljandi Vallavalitsus,75025319,Tänassilma Rahvamaja,valla või linna ametiasutuste hallatav asutus,
KOV,Rapla Vallavalitsus,75025420,Kaiu Kool,valla või linna ametiasutuste hallatav asutus,
KOV,Põhja-Sakala Vallavalitsus,75025472,Põhja-Sakala Kultuurikeskus,valla või linna ametiasutuste hallatav asutus,
KOV,Kose Vallavalitsus,75025495,Kose Avatud Noortekeskus,valla või linna ametiasutuste hallatav asutus,
KOV,Kuusalu Vallavalitsus,75025515,Hugo Lepnurme Kuusalu Kunstide Kool,valla või linna ametiasutuste hallatav asutus,
KOV,Kuusalu Vallavalitsus,75025526,Kuusalu Lasteaed Jussike,valla või linna ametiasutuste hallatav asutus,
KOV,Kuusalu Vallavalitsus,75025532,Kolga Lasteaed,valla või linna ametiasutuste hallatav asutus,
KOV,Põltsamaa Vallavalitsus,75025590,Puurmani Mõisakool,valla või linna ametiasutus,
KOV,Järva Vallavalitsus,75025615,Järva Valla Kultuurikeskus,valla või linna ametiasutuste hallatav asutus,
KOV,Põhja-Pärnumaa Vallavalitsus,75025638,Põhja-Pärnumaa Sotsiaalkeskus,valla või linna ametiasutuste hallatav asutus,
KOV,Türi Vallavalitsus,75025667,Laupa Põhikool,valla või linna ametiasutuste hallatav asutus,
KOV,Setomaa Vallavalitsus,75025839,Setomaa Vallaraamatukogu,valla või linna ametiasutuste hallatav asutus,
KOV,Setomaa Vallavalitsus,75025845,Setomaa Muusikakool,valla või linna ametiasutuste hallatav asutus,
KOV,Setomaa Vallavalitsus,75025868,Setomaa Lasteaed,valla või linna ametiasutus,
KOV,Setomaa Vallavalitsus,75025874,Setomaa Gümnaasium,valla või linna ametiasutuste hallatav asutus,
KOV,Kuusalu Vallavalitsus,75025905,Kolga Muuseum,valla või linna ametiasutuste hallatav asutus,
KOV,Kuusalu Vallavalitsus,75025963,Kolga Kool,valla või linna ametiasutuste hallatav asutus,
KOV,Jõelähtme Vallavalitsus,75026023,Jõelähtme valla keskraamatukogu,valla või linna ametiasutuste hallatav asutus,
KOV,Jõelähtme Vallavalitsus,75026069,Jõelähtme Valla Kultuurikeskus,valla või linna ametiasutuste hallatav asutus,
KOV,Rae Vallavalitsus,75026129,Rae Huvialakool,valla või linna ametiasutuste hallatav asutus,
KOV,Rae Vallavalitsus,75026135,Rae Sotsiaalkeskus,valla või linna ametiasutuste hallatav asutus,
KOV,Rae Vallavalitsus,75026158,Rae Kultuurikeskus,valla või linna ametiasutuste hallatav asutus,
KOV,Rae Vallavalitsus,75026170,Rae Valla Raamatukogu,valla või linna ametiasutuste hallatav asutus,
KOV,Rae Vallavalitsus,75026187,Vaida Põhikool,valla või linna ametiasutuste hallatav asutus,
KOV,Rae Vallavalitsus,75026193,Lagedi Kool,valla või linna ametiasutuste hallatav asutus,
KOV,Rae Vallavalitsus,75026218,Jüri Kool,valla või linna ametiasutuste hallatav asutus,
KOV,Rae Vallavalitsus,75026224,Lasteaed Pillerpall,valla või linna ametiasutuste hallatav asutus,
KOV,Rae Vallavalitsus,75026230,Lasteaed Taaramäe,valla või linna ametiasutuste hallatav asutus,
KOV,Valga Vallavalitsus,75026247,Valga Perekeskus Kurepesa,valla või linna ametiasutuste hallatav asutus,
KOV,Väike-Maarja Vallavalitsus,75026282,Väike-Maarja Valla Raamatukogu,valla või linna ametiasutuste hallatav asutus,
KOV,Viljandi Vallavalitsus,75026336,Saarepeedi Kool,valla või linna ametiasutuste hallatav asutus,
KOV,Saaremaa Vallavalitsus,75026402,Lümanda Karu-Kati Lasteaed,valla või linna ametiasutuste hallatav asutus,
KOV,Saaremaa Vallavalitsus,75026425,Lümanda Põhikool,valla või linna ametiasutuste hallatav asutus,
KOV,Lääne-Nigula Vallavalitsus,75026448,Kullamaa Keskkool,valla või linna ametiasutuste hallatav asutus,
KOV,Lääne-Nigula Vallavalitsus,75026454,Kullamaa Kultuurimaja,valla või linna ametiasutuste hallatav asutus,
KOV,Narva-Jõesuu Linnavalitsus,75026483,Vaivara Lasteaed,valla või linna ametiasutuste hallatav asutus,
KOV,Türi Vallavalitsus,75026537,Käru Põhikool,valla või linna ametiasutuste hallatav asutus,
KOV,Rakvere Linnavalitsus,75026566,Rakvere Sotsiaalkeskus,valla või linna ametiasutuste hallatav asutus,
KOV,Rapla Vallavalitsus,75026572,Alu Kool,valla või linna ametiasutuste hallatav asutus,
KOV,Jõelähtme Vallavalitsus,75026595,Loo Lasteaed Pääsupesa,valla või linna ametiasutuste hallatav asutus,
KOV,Jõelähtme Vallavalitsus,75026603,Lasteaed Neeme Mudila,valla või linna ametiasutuste hallatav asutus,
KOV,Jõelähtme Vallavalitsus,75026619,Kostivere Lasteaed,valla või linna ametiasutuste hallatav asutus,
KOV,Jõelähtme Vallavalitsus,75026626,Loo Keskkool,valla või linna ametiasutuste hallatav asutus,
KOV,Jõelähtme Vallavalitsus,75026632,Neeme Kool,valla või linna ametiasutuste hallatav asutus,
KOV,Jõelähtme Vallavalitsus,75026649,Kostivere Kool,valla või linna ametiasutuste hallatav asutus,
KOV,Narva Linnakantselei,75026661,Narva Paju Kool,valla või linna ametiasutuste hallatav asutus,
KOV,Narva Linnakantselei,75026684,Narva Kunstikool,valla või linna ametiasutuste hallatav asutus,
KOV,Rae Vallavalitsus,75026709,Lasteaed Tõruke,valla või linna ametiasutuste hallatav asutus,
KOV,Narva Linnakantselei,75026715,Narva Lasteaed Kirsike,valla või linna ametiasutuste hallatav asutus,
KOV,Tallinna Linnakantselei,75026738,Vene Kultuurikeskus,valla või linna ametiasutuste hallatav asutus,
KOV,Narva Linnakantselei,75026767,Narva Lasteaed Cipollino,valla või linna ametiasutuste hallatav asutus,
KOV,Narva Linnakantselei,75026773,Narva Lasteaed Potsataja,valla või linna ametiasutuste hallatav asutus,
KOV,Sillamäe Linnavalitsus,75026804,Spordikompleks Kalev,valla või linna ametiasutuste hallatav asutus,
KOV,Kose Vallavalitsus,75026848,Kose Spordimaja,valla või linna ametiasutuste hallatav asutus,
KOV,Narva Linnakantselei,75026891,Narva Vanalinna Lasteaed,valla või linna ametiasutuste hallatav asutus,
KOV,Anija Vallavalitsus,75026922,Aegviidu Kool,valla või linna ametiasutuste hallatav asutus,
KOV,Anija Vallavalitsus,75026939,Aegviidu Vallaraamatukogu,valla või linna ametiasutuste hallatav asutus,
KOV,Tapa Vallavalitsus,75026951,Tamsalu Lasteaed Krõll,valla või linna ametiasutuste hallatav asutus,
KOV,Tapa Vallavalitsus,75026968,Tamsalu Kool,valla või linna ametiasutuste hallatav asutus,
KOV,Mustvee Vallavalitsus,75027063,Mustvee Lasteaed,valla või linna ametiasutuste hallatav asutus,
KOV,Mustvee Vallavalitsus,75027070,Mustvee Muusika- ja Kunstikool,valla või linna ametiasutuste hallatav asutus,
KOV,Mustvee Vallavalitsus,75027086,Mustvee Kultuurikeskus,valla või linna ametiasutuste hallatav asutus,
KOV,Mustvee Vallavalitsus,75027092,Mustvee Valla Spordikeskus,valla või linna ametiasutuste hallatav asutus,
KOV,Mustvee Vallavalitsus,75027117,Mustvee Kool,valla või linna ametiasutuste hallatav asutus,
KOV,Muhu Vallavalitsus,75027123,Hellamaa Külakeskus,valla või linna ametiasutuste hallatav asutus,
KOV,Väike-Maarja Vallavalitsus,75027206,Väike-Maarja Lasteaed,valla või linna ametiasutuste hallatav asutus,
KOV,Väike-Maarja Vallavalitsus,75027212,Väike-Maarja Muusikakool,valla või linna ametiasutuste hallatav asutus,
KOV,Väike-Maarja Vallavalitsus,75027229,Väike-Maarja Hooldekodu,valla või linna ametiasutuste hallatav asutus,
KOV,Väike-Maarja Vallavalitsus,75027235,Kiltsi Mõisakool,valla või linna ametiasutuste hallatav asutus,
KOV,Väike-Maarja Vallavalitsus,75027241,Väike-Maarja Gümnaasium,valla või linna ametiasutuste hallatav asutus,
KOV,Rakvere Vallavalitsus,75027258,Ubja Päevakeskus,valla või linna ametiasutuste hallatav asutus,
KOV,Võru Vallavalitsus,75027287,Väimela Tervisekeskus,valla või linna ametiasutuste hallatav asutus,
KOV,Pärnu Linnavalitsus,75027293,Seljametsa Rahvamaja,valla või linna ametiasutuste hallatav asutus,
KOV,Järva Vallavalitsus,75027301,Koeru Keskkool,valla või linna ametiasutuste hallatav asutus,
KOV,Järva Vallavalitsus,75027353,Koeru Lasteaed Päikeseratas,valla või linna ametiasutus,
KOV,Otepää Vallavalitsus,75027382,Otepää Gümnaasium,valla või linna ametiasutuste hallatav asutus,
KOV,Setomaa Vallavalitsus,75027413,Setomaa Kultuurikeskus,valla või linna ametiasutuste hallatav asutus,
KOV,Otepää Vallavalitsus,75027494,Pühajärve Põhikool,valla või linna ametiasutuste hallatav asutus,
KOV,Otepää Vallavalitsus,75027502,Otepää Raamatukogu,valla või linna ametiasutuste hallatav asutus,
KOV,Rakvere Linnavalitsus,75027525,Rakvere Raamatukogu,valla või linna ametiasutuste hallatav asutus,
KOV,Mulgi Vallavalitsus,75027531,Kamara Raamatukogu,valla või linna ametiasutuste hallatav asutus,
KOV,Mulgi Vallavalitsus,75027548,Abja Raamatukogu,valla või linna ametiasutuste hallatav asutus,
KOV,Haljala Vallavalitsus,75027554,Võsu Kool,valla või linna ametiasutuste hallatav asutus,
KOV,Tallinna Linnakantselei,75027593,Mustamäe Kultuurikeskus Kaja,valla või linna ametiasutus,
KOV,Saku Vallavalitsus,75027614,Saku Päevakeskus,valla või linna ametiasutuste hallatav asutus,
KOV,Põlva Vallavalitsus,75027666,Põlva Kultuuri- ja Huvikeskus,valla või linna ametiasutuste hallatav asutus,
KOV,Otepää Vallavalitsus,75027672,Otepää Muusikakool,valla või linna ametiasutuste hallatav asutus,
KOV,Viru-Nigula vallavalitsus,75027695,Kunda Ühisgümnaasium,valla või linna ametiasutuste hallatav asutus,
KOV,Jõgeva Vallavalitsus,75027703,Siimusti Lasteaed-Algkool,valla või linna ametiasutuste hallatav asutus,
KOV,Lüganuse Vallavalitsus,75027726,Marjakese Lasteaed,valla või linna ametiasutuste hallatav asutus,
KOV,Rapla Vallavalitsus,75027755,Hagudi Põhikool,valla või linna ametiasutuste hallatav asutus,
KOV,Kiili Vallavalitsus,75027809,Kiili Lasteaed,valla või linna ametiasutus,
KOV,Mustvee Vallavalitsus,75027844,Mustvee Vallavara,valla või linna ametiasutuste hallatav asutus,
KOV,Kiili Vallavalitsus,75027850,Kiili Rahvamaja,valla või linna ametiasutuste hallatav asutus,
KOV,Kohila Vallavalitsus,75027867,Kohila Kunstide Kool,valla või linna ametiasutuste hallatav asutus,
KOV,Kohila Vallavalitsus,75027873,Kohila Gümnaasium,valla või linna ametiasutuste hallatav asutus,
KOV,Mustvee Vallavalitsus,75027904,Kalevipoja Muuseum,valla või linna ametiasutuste hallatav asutus,
KOV,Saaremaa Vallavalitsus,75027962,Kuressaare Kultuurivara,valla või linna ametiasutuste hallatav asutus,
KOV,Saue Vallavalitsus,75027979,Saue Kultuuri- ja Huvikeskus,valla või linna ametiasutuste hallatav asutus,
KOV,Raasiku Vallavalitsus,75027985,Raasiku Rahvamaja,valla või linna ametiasutuste hallatav asutus,
KOV,Viljandi Vallavalitsus,75028000,Pärna Pansionaat,valla või linna ametiasutuste hallatav asutus,
KOV,Narva Linnakantselei,75028016,Narva Linnavolikogu Kantselei,valla või linna ametiasutus,
KOV,Saaremaa Vallavalitsus,75028022,Kuressaare Nooruse Kool,valla või linna ametiasutuste hallatav asutus,
KOV,Kohila Vallavalitsus,75028128,Hageri Muuseum,valla või linna ametiasutuste hallatav asutus,
KOV,Kohila Vallavalitsus,75028134,Sutlema-Aespa Lasteaed,valla või linna ametiasutuste hallatav asutus,
KOV,Kose Vallavalitsus,75028246,Kose Sotsiaal-ja Hariduse Tugiteenuste Keskus,valla või linna ametiasutuste hallatav asutus,
KOV,Tallinna Linnakantselei,75028252,Tallinna Transpordiamet,valla või linna ametiasutus,
KOV,Hiiumaa Vallavalitsus,75028269,Hiiumaa Sotsiaalkeskus,valla või linna ametiasutuste hallatav asutus,
KOV,Jõhvi Vallavalitsus,75028424,Jõhvi Sotsiaalmaja,valla või linna ametiasutuste hallatav asutus,
KOV,Järva Vallavalitsus,75028625,Imavere Päevakeskus,valla või linna ametiasutuste hallatav asutus,
KOV,Saku Vallavalitsus,75028826,Saku Valla Spordikeskus,valla või linna ametiasutuste hallatav asutus,
KOV,Mustvee Vallavalitsus,75028849,Kasepää Rahvamaja,valla või linna ametiasutuste hallatav asutus,
KOV,Kohila Vallavalitsus,75029234,Kohila Raamatukogu,valla või linna ametiasutuste hallatav asutus,
KOV,Kohila Vallavalitsus,75029240,Kohila lasteaed Männi,valla või linna ametiasutuste hallatav asutus,
KOV,Kohila Vallavalitsus,75029257,Kohila Avatud Noortekeskus,valla või linna ametiasutus,
KOV,Järva Vallavalitsus,75029323,Koeru Muusikakool,valla või linna ametiasutuste hallatav asutus,
KOV,Võru Linnavalitsus,75029332,Võru Kunstikool,valla või linna ametiasutuste hallatav asutus,
KOV,Tallinna Linnakantselei,75029429,Tallinna Rakenduslik Kolledž,valla või linna ametiasutuste hallatav asutus,
KOV,Narva Linnakantselei,75029524,Narva Linna Arenduse ja Ökonoomika Amet,valla või linna ametiasutus,
KOV,Rakvere Vallavalitsus,75029530,Rakvere valla Lasteaed Pääsusilm,valla või linna ametiasutuste hallatav asutus,
KOV,Tallinna Linnakantselei,75029725,Tallinna Kiisupere Lasteaed,valla või linna ametiasutuste hallatav asutus,
KOV,Tallinna Linnakantselei,75029731,Tallinna Mardi Lasteaed,valla või linna ametiasutuste hallatav asutus,
KOV,Narva Linnakantselei,75029820,Narva Linnavalitsuse Arhitektuuri- ja Linnaplaneerimise Amet,valla või linna ametiasutus,
KOV,Elva Vallavalitsus,75029926,Uula Huvikeskus,valla või linna ametiasutuste hallatav asutus,
KOV,Harku Vallavalitsus,75030020,Kumna Kultuuriait,valla või linna ametiasutuste hallatav asutus,
KOV,Kohila Vallavalitsus,75030036,Hageri Rahvamaja,valla või linna ametiasutuste hallatav asutus,
KOV,Keila Linnavalitsus,75030438,Keila Noortekeskus,valla või linna ametiasutuste hallatav asutus,
KOV,Sillamäe Linnavalitsus,75030527,Sillamäe Muuseum,valla või linna ametiasutuste hallatav asutus,
KOV,Tallinna Linnakantselei,75030622,Tallinna Lasteaed Sipsik,valla või linna ametiasutuste hallatav asutus,
KOV,Häädemeeste Vallavalitsus,75030639,Häädemeeste Huvikeskus,valla või linna ametiasutuste hallatav asutus,
KOV,Kohtla-Järve Linnavalitsus,75030823,Kohtla-Järve Noortekeskus,valla või linna ametiasutuste hallatav asutus,
KOV,Mustvee Vallavalitsus,75030929,Mustvee Raamatukogu,valla või linna ametiasutuste hallatav asutus,
KOV,Kohtla-Järve Linnavalitsus,75031521,Kohtla-Järve Kultuurikeskus,valla või linna ametiasutuste hallatav asutus,
KOV,Kohila Vallavalitsus,75031828,Kohila Spordikeskus,valla või linna ametiasutuste hallatav asutus,
KOV,Otepää Vallavalitsus,75031834,Puka Kunstikool,valla või linna ametiasutuste hallatav asutus,
KOV,Harku Vallavalitsus,75031923,Tabasalu Teelahkme Lasteaed,valla või linna ametiasutuste hallatav asutus,
KOV,Rapla Vallavalitsus,75032029,Rapla Varahaldus,valla või linna ametiasutuste hallatav asutus,
KOV,Tori Vallavalitsus,75032236,Sindi Avatud Noortekeskus,valla või linna ametiasutuste hallatav asutus,
KOV,Anija Vallavalitsus,75032420,Kehra Sotsiaalkeskus,valla või linna ametiasutuste hallatav asutus,
KOV,Setomaa Vallavalitsus,75032621,Setomaa Noorsootöö Keskus,valla või linna ametiasutuste hallatav asutus,
KOV,Jõhvi Vallavalitsus,75032727,Jõhvi Kultuuri- ja Huvikeskus,valla või linna ametiasutuste hallatav asutus,
KOV,Viljandi Vallavalitsus,75032733,Ramsi Vaba Aja Keskus,valla või linna ametiasutuste hallatav asutus,
KOV,Harku Vallavalitsus,75032822,Rannamõisa Lasteaed,valla või linna ametiasutus,
KOV,Kuusalu Vallavalitsus,75032928,Kuusalu Noortekeskus,valla või linna ametiasutuste hallatav asutus,
KOV,Tallinna Linnakantselei,75032940,Tallinna Lauliku Lasteaed,valla või linna ametiasutuste hallatav asutus,
KOV,Saaremaa Vallavalitsus,75033069,Pihtla Kool,valla või linna ametiasutuste hallatav asutus,
KOV,Muhu Vallavalitsus,75033321,Muhu Noortekeskus,valla või linna ametiasutuste hallatav asutus,
KOV,Viljandi Linnavalitsus,75033520,Viljandi Kunstikool,valla või linna ametiasutuste hallatav asutus,
KOV,Tartu Vallavalitsus,75033537,Tartu Valla Spordikool,valla või linna ametiasutuste hallatav asutus,
KOV,Rakvere Linnavalitsus,75033632,Rakvere Spordikeskus,valla või linna ametiasutuste hallatav asutus,
KOV,Tallinna Linnakantselei,75033649,Tallinna Perekeskus,valla või linna ametiasutuste hallatav asutus,
KOV,Kastre Vallavalitsus,75033721,Sillaotsa Spordihoone,valla või linna ametiasutuste hallatav asutus,
KOV,Vinni Vallavalitsus,75033922,Venevere Seltsimaja,valla või linna ametiasutuste hallatav asutus,
KOV,Vinni Vallavalitsus,75033939,Muuga Spordihoone,valla või linna ametiasutuste hallatav asutus,
KOV,Viljandi Vallavalitsus,75034028,Tarvastu Muuseum,valla või linna ametiasutuste hallatav asutus,
KOV,Vinni Vallavalitsus,75034131,Kadila Seltsimaja,valla või linna ametiasutuste hallatav asutus,
KOV,Põlva Vallavalitsus,75034229,Põlva Haldusteenistus,valla või linna ametiasutuste hallatav asutus,
KOV,Rae Vallavalitsus,75034258,Rae valla Spordikeskus,valla või linna ametiasutuste hallatav asutus,
KOV,Lääne-Harju Vallavalitsus,75034324,Laulasmaa Kool,valla või linna ametiasutuste hallatav asutus,
KOV,Valga Vallavalitsus,75034330,Hargla Kool,valla või linna ametiasutuste hallatav asutus,
KOV,Viru-Nigula vallavalitsus,75034347,Viru-Nigula valla majanduskeskus,valla või linna ametiasutuste hallatav asutus,
KOV,Võru Linnavalitsus,75034436,Nöörimaa Tugikodu,valla või linna ametiasutuste hallatav asutus,
KOV,Hiiumaa Vallavalitsus,75034465,Emmaste Vaba Aja Keskus,valla või linna ametiasutuste hallatav asutus,
KOV,Paide Linnavalitsus,75034471,Paide Avatud Noortekeskus,valla või linna ametiasutuste hallatav asutus,
KOV,Tallinna Linnakantselei,75034502,Tallinna Munitsipaalpolitsei Amet,valla või linna ametiasutus,
KOV,Põhja-Sakala Vallavalitsus,75034525,Vastemõisa Lasteaed Päevalill,valla või linna ametiasutuste hallatav asutus,
KOV,Põhja-Sakala Vallavalitsus,75034554,Võhma Muusikakool,valla või linna ametiasutuste hallatav asutus,
KOV,Kanepi Vallavalitsus,75034620,Kanepi Avatud Noortekeskus,valla või linna ametiasutuste hallatav asutus,
KOV,Märjamaa Vallavalitsus,75034761,Märjamaa Valla Noortekeskus,valla või linna ametiasutuste hallatav asutus,
KOV,Tori Vallavalitsus,75034790,Sauga Avatud Noortekeskus,valla või linna ametiasutuste hallatav asutus,
KOV,Kiili Vallavalitsus,75034809,Kiili Valla Noortekeskus,valla või linna ametiasutuste hallatav asutus,
KOV,Saue Vallavalitsus,75034815,Veskitammi Lasteaed,valla või linna ametiasutuste hallatav asutus,
KOV,Tartu Linnavalitsus,75034896,Tartu Lasteaed Lotte,valla või linna ametiasutuste hallatav asutus,
KOV,Tallinna Linnakantselei,75034904,Tallinna Kelmiküla Lasteaed,valla või linna ametiasutuste hallatav asutus,
KOV,Tartu Vallavalitsus,75034927,Tabivere Lasteaed Rõõmula,valla või linna ametiasutuste hallatav asutus,
KOV,Hiiumaa Vallavalitsus,75035039,Kärdla Noortekeskus,valla või linna ametiasutuste hallatav asutus,
KOV,Vinni Vallavalitsus,75035051,Ulvi Klubi,valla või linna ametiasutuste hallatav asutus,
KOV,Harku Vallavalitsus,75035140,Pangapealse ja Vääna-Jõesuu Lasteaed,valla või linna ametiasutuste hallatav asutus,
KOV,Häädemeeste Vallavalitsus,75035157,Häädemeeste Muuseum,valla või linna ametiasutuste hallatav asutus,
KOV,Põlva Vallavalitsus,75035163,Laheda Sotsiaalkeskus,valla või linna ametiasutuste hallatav asutus,
KOV,Kohila Vallavalitsus,75035170,Hageri Raamatukogu,valla või linna ametiasutuste hallatav asutus,
KOV,Viljandi Vallavalitsus,75035235,Saarepeedi Rahvamaja,valla või linna ametiasutuste hallatav asutus,
KOV,Mulgi Vallavalitsus,75035246,Karksi Vallahooldus,valla või linna ametiasutuste hallatav asutus,
KOV,Mulgi Vallavalitsus,75035252,Karksi-Nuia Noortekeskus,valla või linna ametiasutuste hallatav asutus,
KOV,Mulgi Vallavalitsus,75035275,Tuhalaane Külamaja,valla või linna ametiasutuste hallatav asutus,
KOV,Tallinna Linnakantselei,75035281,Lasnamäe Sotsiaalkeskus,valla või linna ametiasutuste hallatav asutus,
KOV,Kuusalu Vallavalitsus,75035329,Kuusalu Raamatukogu,valla või linna ametiasutuste hallatav asutus,
KOV,Kanepi Vallavalitsus,75035364,Saverna Avatud Noortekeskus,valla või linna ametiasutuste hallatav asutus,
KOV,Saku Vallavalitsus,75035370,Kajamaa Kool,valla või linna ametiasutuste hallatav asutus,
KOV,Hiiumaa Vallavalitsus,75035393,Sõru muuseum,valla või linna ametiasutuste hallatav asutus,
KOV,Räpina Vallavalitsus,75035418,Räpina Spordikool,valla või linna ametiasutuste hallatav asutus,
KOV,Rae Vallavalitsus,75035424,Õie Lasteaed,valla või linna ametiasutuste hallatav asutus,
KOV,Tallinna Linnakantselei,75035453,Tallinna Padriku Lasteaed,valla või linna ametiasutuste hallatav asutus,
KOV,Alutaguse Vallavalitsus,75035476,Alutaguse Huvikeskus,valla või linna ametiasutuste hallatav asutus,
KOV,Saarde Vallavalitsus,75035529,Kilingi-Nõmme Spordihoone,valla või linna ametiasutuste hallatav asutus,
KOV,Viljandi Vallavalitsus,75035536,Viljandi valla noortekeskus,valla või linna ametiasutuste hallatav asutus,
KOV,Järva Vallavalitsus,75035542,Järva Valla Noorsootöökeskus,valla või linna ametiasutuste hallatav asutus,
KOV,Häädemeeste Vallavalitsus,75035565,Uulu Lasteaed,valla või linna ametiasutuste hallatav asutus,
KOV,Häädemeeste Vallavalitsus,75035571,Uulu Kultuuri- ja Spordikeskus,valla või linna ametiasutuste hallatav asutus,
KOV,Loksa Linnavalitsus,75035602,Loksa Noortekeskus,valla või linna ametiasutuste hallatav asutus,
KOV,Tori Vallavalitsus,75035631,Tori Sotsiaalmaja,valla või linna ametiasutuste hallatav asutus,
KOV,Põlva Vallavalitsus,75035654,Põlva valla Noorsootöö Keskus,valla või linna ametiasutuste hallatav asutus,
KOV,Põhja-Pärnumaa Vallavalitsus,75035693,Vihtra Külakeskus,valla või linna ametiasutuste hallatav asutus,
KOV,Kohila Vallavalitsus,75035708,Kohila Lasteaed Sipsik,valla või linna ametiasutuste hallatav asutus,
KOV,Tallinna Linnakantselei,75035720,Tallinna Rännaku Lasteaed,valla või linna ametiasutuste hallatav asutus,
KOV,Pärnu Linnavalitsus,75035737,Pärnu Laste ja Noorte Tugikeskus,valla või linna ametiasutuste hallatav asutus,
KOV,Tartu Linnavalitsus,75035743,Tartu Lasteaed Klaabumaa,valla või linna ametiasutuste hallatav asutus,
KOV,Rae Vallavalitsus,75035758,Peetri Lasteaed-Põhikool,valla või linna ametiasutuste hallatav asutus,
KOV,Märjamaa Vallavalitsus,75035766,Varbola Lasteaed-Algkool,valla või linna ametiasutuste hallatav asutus,
KOV,Rapla Vallavalitsus,75035772,Rapla Huvikool,valla või linna ametiasutuste hallatav asutus,
KOV,Kanepi Vallavalitsus,75035789,Põlgaste Lasteaed Sinilill,valla või linna ametiasutuste hallatav asutus,
KOV,Vinni Vallavalitsus,75035803,Vinni Perekodu,valla või linna ametiasutuste hallatav asutus,
KOV,Tartu Linnavalitsus,75036027,Hariduse Tugiteenuste Keskus,valla või linna ametiasutuste hallatav asutus,
KOV,Kohila Vallavalitsus,75036122,Kohila Keskkonnahariduse Keskus,valla või linna ametiasutuste hallatav asutus,
KOV,Mulgi Vallavalitsus,75036145,Abja Noortekeskus,valla või linna ametiasutuste hallatav asutus,
KOV,Mulgi Vallavalitsus,75036151,Abja Päevakeskus,valla või linna ametiasutuste hallatav asutus,
KOV,Häädemeeste Vallavalitsus,75036228,Häädemeeste Eakate Kodu,valla või linna ametiasutuste hallatav asutus,
KOV,Viljandi Vallavalitsus,75036257,Uusna Külamaja,valla või linna ametiasutuste hallatav asutus,
KOV,Luunja Vallavalitsus,75036642,Lohkva Lasteaed,valla või linna ametiasutuste hallatav asutus,
KOV,Türi Vallavalitsus,75036725,Türi Noortekeskus,valla või linna ametiasutuste hallatav asutus,
KOV,Kastre Vallavalitsus,75036748,Sillaotsa Kool,valla või linna ametiasutuste hallatav asutus,
KOV,Jõelähtme Vallavalitsus,75036754,Jõelähtme Muusika- ja Kunstikool,valla või linna ametiasutuste hallatav asutus,
KOV,Tõrva Vallavalitsus,75036820,Tõrva Kogukonnakeskus,valla või linna ametiasutuste hallatav asutus,
KOV,Tori Vallavalitsus,75036926,Are Avatud Noortekeskus,valla või linna ametiasutuste hallatav asutus,
KOV,Harku Vallavalitsus,75037021,Eakate päevakeskus,valla või linna ametiasutuste hallatav asutus,
KOV,Harku Vallavalitsus,75037038,Alasniidu Lasteaed,valla või linna ametiasutuste hallatav asutus,
KOV,Saku Vallavalitsus,75037127,Saku Valla Noortekeskus,valla või linna ametiasutuste hallatav asutus,
KOV,Elva Vallavalitsus,75037133,Puhja Päevakeskus,valla või linna ametiasutuste hallatav asutus,
KOV,Väike-Maarja Vallavalitsus,75037222,Väike-Maarja Valla Noortekeskus,valla või linna ametiasutuste hallatav asutus,
KOV,Harku Vallavalitsus,75037239,Harku Vallavolikogu Kantselei,valla või linna ametiasutus,
KOV,Põhja-Sakala Vallavalitsus,75037251,Suure-Jaani Noortekeskus,valla või linna ametiasutuste hallatav asutus,
KOV,Väike-Maarja Vallavalitsus,75037274,Väike-Maarja Spordikeskus,valla või linna ametiasutuste hallatav asutus,
KOV,Narva Linnakantselei,75037334,Narva Spordikeskus,valla või linna ametiasutuste hallatav asutus,
KOV,Türi Vallavalitsus,75037378,Türi Põhikool,valla või linna ametiasutuste hallatav asutus,
KOV,Türi Vallavalitsus,75037386,Türi Ühisgümnaasium,valla või linna ametiasutuste hallatav asutus,
KOV,Hiiumaa Vallavalitsus,75037392,Palade Loodushariduskeskus,valla või linna ametiasutuste hallatav asutus,
KOV,Tartu Linnavalitsus,75037400,Tartu Jaan Poska Gümnaasium,valla või linna ametiasutuste hallatav asutus,
KOV,Märjamaa Vallavalitsus,75037423,Sipa-Laukna Lasteaed,valla või linna ametiasutuste hallatav asutus,
KOV,Põhja-Pärnumaa Vallavalitsus,75037432,Vändra Lasteaed,valla või linna ametiasutuste hallatav asutus,
KOV,Tartu Vallavalitsus,75037535,Tabivere Huvikool,valla või linna ametiasutuste hallatav asutus,
KOV,Setomaa Vallavalitsus,75037564,Setomaa Hooldekodu,valla või linna ametiasutus,
KOV,Tartu Vallavalitsus,75037624,Lähte Ühisraamatukogu,valla või linna ametiasutuste hallatav asutus,
KOV,Rapla Vallavalitsus,75037736,Rapla Valla Avatud Noortekeskus,valla või linna ametiasutuste hallatav asutus,
KOV,Otepää Vallavalitsus,75037742,Otepää Lasteaed,valla või linna ametiasutuste hallatav asutus,
KOV,Sillamäe Linnavalitsus,75037759,Toimetus Sillamäeski Vestnik,valla või linna ametiasutuste hallatav asutus,
KOV,Lääne-Harju Vallavalitsus,75037765,Lääne-Harju Spordikeskus,valla või linna ametiasutuste hallatav asutus,
KOV,Anija Vallavalitsus,75037854,Anija Valla Keskraamatukogu,valla või linna ametiasutuste hallatav asutus,
KOV,Rõuge Vallavalitsus,75037860,Rõuge Noorsootöö Keskus,valla või linna ametiasutuste hallatav asutus,
KOV,Räpina Vallavalitsus,75037937,Mehikoorma Lastehoid,valla või linna ametiasutuste hallatav asutus,
KOV,Saue Vallavalitsus,75037943,Saue Vallavarahaldus,valla või linna ametiasutuste hallatav asutus,
KOV,Saue Vallavalitsus,75037955,Nõlvaku Lasteaed,valla või linna ametiasutuste hallatav asutus,
KOV,Narva Linnakantselei,75038078,Narva Sotsiaaltöökeskus,valla või linna ametiasutuste hallatav asutus,
KOV,Järva Vallavalitsus,75038090,Peetri Kool,valla või linna ametiasutuste hallatav asutus,
KOV,Rae Vallavalitsus,75038115,Assaku Lasteaed,valla või linna ametiasutuste hallatav asutus,
KOV,Hiiumaa Vallavalitsus,75038121,Suuremõisa Lasteaed-Põhikool,valla või linna ametiasutuste hallatav asutus,
KOV,Kehtna Vallavalitsus,75038144,Kehtna Valla Noorsootöökeskus,valla või linna ametiasutuste hallatav asutus,
KOV,Jõgeva Vallavalitsus,75038173,Jõgeva Põhikool,valla või linna ametiasutuste hallatav asutus,
KOV,Toila Vallavalitsus,75038188,Toila Sadam,valla või linna ametiasutuste hallatav asutus,
KOV,Viljandi Vallavalitsus,75038196,Viljandi valla sotsiaalkeskus,valla või linna ametiasutuste hallatav asutus,
KOV,Jõhvi Vallavalitsus,75038242,Jõhvi Lasteaiad,valla või linna ametiasutuste hallatav asutus,
KOV,Rõuge Vallavalitsus,75038285,Hooldekodu Pihlakobar,valla või linna ametiasutuste hallatav asutus,
KOV,Kambja Vallavalitsus,75038291,Soinaste Lasteaed Laululind,valla või linna ametiasutuste hallatav asutus,
KOV,Tallinna Linnakantselei,75038307,Lasnamäe Noortekeskus,valla või linna ametiasutuste hallatav asutus,
KOV,Otepää Vallavalitsus,75038339,Otepää Avatud Noortekeskus,valla või linna ametiasutuste hallatav asutus,
KOV,Rakvere Vallavalitsus,75038345,Uhtna Hooldekodu,valla või linna ametiasutuste hallatav asutus,
KOV,Harku Vallavalitsus,75038428,Vääna-Jõesuu Kool,valla või linna ametiasutuste hallatav asutus,
KOV,Väike-Maarja Vallavalitsus,75038440,Väike-Maarja Haldusteenused,valla või linna ametiasutuste hallatav asutus,
KOV,Tallinna Linnakantselei,75038457,Tallinna Kihnu Lasteaed,valla või linna ametiasutuste hallatav asutus,
KOV,Rapla Vallavalitsus,75038463,Lipa Vabaajakeskus,valla või linna ametiasutuste hallatav asutus,
KOV,Pärnu Linnavalitsus,75038471,Pärnu Linna Haldus,valla või linna ametiasutuste hallatav asutus,
KOV,Tallinna Linnakantselei,75038486,Tallinna Ringmajanduskeskus,valla või linna ametiasutus,
KOV,Kose Vallavalitsus,75038500,Kose Kultuurikeskus,valla või linna ametiasutuste hallatav asutus,
KOV,Lääne-Harju Vallavalitsus,75038517,Paldiski Ühisgümnaasium,valla või linna ametiasutuste hallatav asutus,
KOV,Tallinna Linnakantselei,75038523,Raua Saun,valla või linna ametiasutuste hallatav asutus,
KOV,Toila Vallavalitsus,75038536,Kohtla-Nõmme Kool,valla või linna ametiasutuste hallatav asutus,
KOV,Tallinna Linnakantselei,75038569,Kesklinna Vaba Aja Keskus,valla või linna ametiasutuste hallatav asutus,
KOV,Räpina Vallavalitsus,75038635,Räpina Valla Kultuur,valla või linna ametiasutuste hallatav asutus,
KOV,Tartu Vallavalitsus,75038670,Laeva Noortekeskus,valla või linna ametiasutuste hallatav asutus,
KOV,Jõgeva Vallavalitsus,75038687,Torma Spordihoone,valla või linna ametiasutuste hallatav asutus,
KOV,Kuusalu Vallavalitsus,75038693,Kiiu Kiigepõnni Lasteaed,valla või linna ametiasutuste hallatav asutus,
KOV,Viljandi Linnavalitsus,75038747,Viljandi Linnahooldus,valla või linna ametiasutuste hallatav asutus,
KOV,Põhja-Pärnumaa Vallavalitsus,75038765,Tootsi Hooldekodu,valla või linna ametiasutuste hallatav asutus,
KOV,Tartu Linnavalitsus,75038776,Tartu Kristjan Jaak Petersoni Gümnaasium,valla või linna ametiasutuste hallatav asutus,
KOV,Pärnu Linnavalitsus,75038782,Pärnu Mai Kool,valla või linna ametiasutuste hallatav asutus,
KOV,Põhja-Sakala Vallavalitsus,75038799,Suure-Jaani Kool,valla või linna ametiasutuste hallatav asutus,
KOV,Viimsi Vallavalitsus,75038807,Randvere Kool,valla või linna ametiasutuste hallatav asutus,
KOV,Viimsi Vallavalitsus,75038813,Haabneeme Kool,valla või linna ametiasutuste hallatav asutus,
KOV,Rae Vallavalitsus,75038820,Võsukese Lasteaed,valla või linna ametiasutuste hallatav asutus,
KOV,Harku Vallavalitsus,75038836,Muraste Kool,valla või linna ametiasutuste hallatav asutus,
KOV,Mulgi Vallavalitsus,75038842,Abja Spordi- ja Tervisekeskus,valla või linna ametiasutuste hallatav asutus,
KOV,Viru-Nigula vallavalitsus,75038865,Aseri Kool,valla või linna ametiasutus,
KOV,Tallinna Linnakantselei,75038894,Põhja-Tallinna Noortekeskus,valla või linna ametiasutuste hallatav asutus,
KOV,Jõgeva Vallavalitsus,75038902,Jõgeva Spordikeskus,valla või linna ametiasutuste hallatav asutus,
KOV,Tallinna Linnakantselei,75038948,Lasnamäe Saun,valla või linna ametiasutuste hallatav asutus,
KOV,Valga Vallavalitsus,75038960,Valga Muuseum,valla või linna ametiasutuste hallatav asutus,
KOV,Türi Vallavalitsus,75038983,Türi Haldus,valla või linna ametiasutuste hallatav asutus,
KOV,Lääne-Nigula Vallavalitsus,75038994,Lääne-Nigula Noortekeskus,valla või linna ametiasutuste hallatav asutus,
KOV,Võru Linnavalitsus,75039014,Võru Kreutzwaldi Kool,valla või linna ametiasutuste hallatav asutus,
KOV,Türi Vallavalitsus,75039126,Väätsa eakate kodu,valla või linna ametiasutuste hallatav asutus,
KOV,Lüganuse Vallavalitsus,75039149,Lüganuse Valla Raamatukogu,valla või linna ametiasutuste hallatav asutus,
KOV,Viljandi Vallavalitsus,75039244,Viljandi valla lasteaed Päikesekiir,valla või linna ametiasutuste hallatav asutus,
KOV,Mustvee Vallavalitsus,75039250,Lohusuu Vabaajakeskus,valla või linna ametiasutuste hallatav asutus,
KOV,Kose Vallavalitsus,75039273,Ardu Kool,valla või linna ametiasutuste hallatav asutus,
KOV,Tartu Linnavalitsus,75039296,Tartu Tamme Kool,valla või linna ametiasutuste hallatav asutus,
KOV,Rae Vallavalitsus,75039310,Järveküla Kool,valla või linna ametiasutuste hallatav asutus,
KOV,Valga Vallavalitsus,75039327,Valga Sport,valla või linna ametiasutuste hallatav asutus,
KOV,Saue Vallavalitsus,75039333,Ääsmäe Lasteaed,valla või linna ametiasutuste hallatav asutus,
KOV,Vinni Vallavalitsus,75039346,Roela Rahvamaja,valla või linna ametiasutuste hallatav asutus,
KOV,Lüganuse Vallavalitsus,75039356,Lüganuse Kultuurikeskus,valla või linna ametiasutuste hallatav asutus,
KOV,Lääne-Nigula Vallavalitsus,75039362,Lääne-Nigula raamatukogud,valla või linna ametiasutuste hallatav asutus,
KOV,Põlva Vallavalitsus,75039385,Põlva Kool,valla või linna ametiasutus,
KOV,Mustvee Vallavalitsus,75039400,Raja Vabaajakeskus,valla või linna ametiasutuste hallatav asutus,
KOV,Saaremaa Vallavalitsus,75039416,Saaremaa Haldus,valla või linna ametiasutuste hallatav asutus,
KOV,Keila Linnavalitsus,75039439,Keila Kool,valla või linna ametiasutuste hallatav asutus,
KOV,Hiiumaa Vallavalitsus,75039451,Vabaajakeskus Tuuletorn,valla või linna ametiasutuste hallatav asutus,
KOV,Saaremaa Vallavalitsus,75039468,Kuressaare Hoolekanne,valla või linna ametiasutuste hallatav asutus,
KOV,Saue Vallavalitsus,75039480,Kernu põhikool,valla või linna ametiasutuste hallatav asutus,
KOV,Viljandi Vallavalitsus,75039497,Tarvastu Lasteaed,valla või linna ametiasutuste hallatav asutus,
KOV,Saue Vallavalitsus,75039505,Tuleviku Lasteaed,valla või linna ametiasutuste hallatav asutus,
KOV,Narva Linnakantselei,75039729,Narva Linnavalitsuse Linnamajandusamet,valla või linna ametiasutus,
KOV,Rae Vallavalitsus,75039758,Rae Noortekeskus,valla või linna ametiasutuste hallatav asutus,
KOV,Keila Linnavalitsus,75039764,Harjumaa Muuseum,valla või linna ametiasutuste hallatav asutus,
KOV,Anija Vallavalitsus,75039770,Anija Valla Noortekeskus,valla või linna ametiasutuste hallatav asutus,
KOV,Mulgi Vallavalitsus,75039787,Mõisaküla Noortekeskus,valla või linna ametiasutuste hallatav asutus,
KOV,Tallinna Linnakantselei,75039793,Tallinna Kirjanduskeskus,valla või linna ametiasutuste hallatav asutus,
KOV,Tallinna Linnakantselei,77000016,Tallinna Tondiraba Huvikool,valla või linna ametiasutuste hallatav asutus,
KOV,Valga Vallavalitsus,77000022,Valga Avatud Noortekeskus,valla või linna ametiasutuste hallatav asutus,
KOV,Saue Vallavalitsus,77000039,Saue Spordikeskus,valla või linna ametiasutuste hallatav asutus,
KOV,Pärnu Linnavalitsus,77000045,Pärnu Sotsiaalkeskus,valla või linna ametiasutuste hallatav asutus,
KOV,Tallinna Linnakantselei,77000074,Tallinna Lotte Lasteaed,valla või linna ametiasutuste hallatav asutus,
KOV,Tallinna Linnakantselei,77000080,Tallinna Veerise Lasteaed,valla või linna ametiasutuste hallatav asutus,
KOV,Põhja-Pärnumaa Vallavalitsus,77000097,Vändra Kultuurimaja,valla või linna ametiasutuste hallatav asutus,
KOV,Põltsamaa Vallavalitsus,77000105,Põltsamaa Valla Päevakeskus,valla või linna ametiasutuste hallatav asutus,
KOV,Põhja-Sakala Vallavalitsus,77000128,Põhja-Sakala Sotsiaalteenuste Keskus,valla või linna ametiasutus,
KOV,Mulgi Vallavalitsus,77000134,Abja Turg,valla või linna ametiasutuste hallatav asutus,
KOV,Tallinna Linnakantselei,77000163,Tallinna Õppenõustamiskeskus,valla või linna ametiasutuste hallatav asutus,
KOV,Jõgeva Vallavalitsus,77000476,Jõgeva Vallavolikogu kantselei,valla või linna ametiasutus,
KOV,Lääneranna Vallavalitsus,77000536,Lääneranna Muuseum,valla või linna ametiasutuste hallatav asutus,
KOV,Märjamaa Vallavalitsus,77000631,Kasti-Orgita Lasteaed,valla või linna ametiasutuste hallatav asutus,
KOV,Toila Vallavalitsus,77000648,Toila Vallavolikogu kantselei,valla või linna ametiasutus,
KOV,Jõgeva Vallavalitsus,77000654,Jõgeva Valla Noortekeskus,valla või linna ametiasutuste hallatav asutus,
KOV,Otepää Vallavalitsus,77000683,Otepää Kultuurikeskused,valla või linna ametiasutuste hallatav asutus,
KOV,Maardu Linnavalitsus,77000714,Muuga Lasteaed,valla või linna ametiasutuste hallatav asutus,
KOV,Tartu Linnavalitsus,77000720,Tartu Noorsootöö Keskus,valla või linna ametiasutuste hallatav asutus,
KOV,Tapa Vallavalitsus,77000737,Tapa valla Spordikool,valla või linna ametiasutuste hallatav asutus,
KOV,Anija Vallavalitsus,77000743,Kehra Lasteaiad,valla või linna ametiasutus,
KOV,Kose Vallavalitsus,77000757,Kose Vallavolikogu Kantselei,valla või linna ametiasutus,
KOV,Põhja-Sakala Vallavalitsus,77000772,Suure-Jaani Tervisekoda,valla või linna ametiasutuste hallatav asutus,
KOV,Rae Vallavalitsus,77000789,Järveküla Lasteaed,valla või linna ametiasutuste hallatav asutus,
KOV,Lääneranna Vallavalitsus,77000795,Lääneranna Raamatukogu,valla või linna ametiasutuste hallatav asutus,
KOV,Põltsamaa Vallavalitsus,77000803,Põltsamaa Haldus,valla või linna ametiasutuste hallatav asutus,
KOV,Viru-Nigula vallavalitsus,77000811,Viru-Nigula Avatud Noortekeskus,valla või linna ametiasutus,
KOV,Mulgi Vallavalitsus,77000832,Abja-Paluoja Tervisekeskus,valla või linna ametiasutuste hallatav asutus,
KOV,Mustvee Vallavalitsus,77000849,Mustvee Valla Noortekeskus,valla või linna ametiasutuste hallatav asutus,
KOV,Põhja-Pärnumaa Vallavalitsus,77000861,Põhja-Pärnumaa Noorsootöökeskus,valla või linna ametiasutuste hallatav asutus,
KOV,Kanepi Vallavalitsus,77000878,Kanepi varahaldus,valla või linna ametiasutuste hallatav asutus,
KOV,Tartu Vallavalitsus,77000890,Raadi Lasteaed Ripsik,valla või linna ametiasutuste hallatav asutus,
KOV,Haapsalu Linnavalitsus,77000909,Haapsalu Hariduse Tugiteenuste Keskus,valla või linna ametiasutuste hallatav asutus,
KOV,Põhja-Pärnumaa Vallavalitsus,77000915,Põhja-Pärnumaa Raamatukogu,valla või linna ametiasutuste hallatav asutus,
KOV,Tartu Vallavalitsus,77000921,Tabivere Noortekeskus,valla või linna ametiasutuste hallatav asutus,
KOV,Tartu Vallavalitsus,77000938,Maarja-Magdaleena Noortekeskus,valla või linna ametiasutuste hallatav asutus,
KOV,Kehtna Vallavalitsus,77000944,Kehtna Päästekomando,valla või linna ametiasutuste hallatav asutus,
KOV,Tartu Linnavalitsus,77000967,Tartu Linnatransport,valla või linna ametiasutuste hallatav asutus,
KOV,Jõgeva Vallavalitsus,77000973,Jõgeva Valla Spordikool,valla või linna ametiasutuste hallatav asutus,
KOV,Kuusalu Vallavalitsus,77000996,Kuusalu Hariduse Tugikeskus,valla või linna ametiasutuste hallatav asutus,
KOV,Tartu Linnavalitsus,77001004,Tartu Sport,valla või linna ametiasutuste hallatav asutus,
KOV,Tartu Linnavalitsus,77001010,Anne Saun,valla või linna ametiasutuste hallatav asutus,
KOV,Lüganuse Vallavalitsus,77001027,Lüganuse valla majanduskeskus,valla või linna ametiasutuste hallatav asutus,
KOV,Viimsi Vallavalitsus,77001033,Viimsi Noortekeskus,valla või linna ametiasutuste hallatav asutus,
KOV,Kadrina Vallavalitsus,77001044,Kadrina Kultuurikoda,valla või linna ametiasutuste hallatav asutus,
KOV,Tori Vallavalitsus,77001056,Tori Valla Raamatukogu,valla või linna ametiasutuste hallatav asutus,
KOV,Saku Vallavalitsus,77001062,Saku Valla Kultuurikeskus,valla või linna ametiasutuste hallatav asutus,
KOV,Rõuge Vallavalitsus,77001079,Rõuge Koostöökeskus,valla või linna ametiasutuste hallatav asutus,
KOV,Raasiku Vallavalitsus,77001085,Raasiku Valla Sport,valla või linna ametiasutuste hallatav asutus,
KOV,Tartu Vallavalitsus,77001091,Lähte Noortekeskus,valla või linna ametiasutuste hallatav asutus,
KOV,Hiiumaa Vallavalitsus,77001109,Lasteaed Vigri,valla või linna ametiasutuste hallatav asutus,
KOV,Harku Vallavalitsus,77001116,Harku Sotsiaalkeskus,valla või linna ametiasutus,
KOV,Rae Vallavalitsus,77001122,Kindluse Kool,valla või linna ametiasutuste hallatav asutus,
KOV,Viimsi Vallavalitsus,77001139,Prangli Rahvamaja,valla või linna ametiasutuste hallatav asutus,
KOV,Lääne-Harju Vallavalitsus,77001145,Lääne-Harju Valla Tugikeskus,valla või linna ametiasutuste hallatav asutus,
KOV,Tapa Vallavalitsus,77001151,Tapa Valla Kultuurikeskus,valla või linna ametiasutus,
KOV,Tapa Vallavalitsus,77001168,Tapa Valla Spordikeskus,valla või linna ametiasutuste hallatav asutus,
KOV,Nõo vallavalitsus,77001174,Nõo Spordikool,valla või linna ametiasutuste hallatav asutus,
KOV,Saarde Vallavalitsus,77001180,Tihemetsa Huvi- ja Spordikeskus,valla või linna ametiasutuste hallatav asutus,
KOV,Hiiumaa Vallavalitsus,77001197,Kõrgessaare raamatukogu,valla või linna ametiasutus,
KOV,Hiiumaa Vallavalitsus,77001205,Kõrgessaare Vaba Aja Keskus,valla või linna ametiasutuste hallatav asutus,
KOV,Saarde Vallavalitsus,77001211,Saarde Valla Huvikeskus,valla või linna ametiasutuste hallatav asutus,
KOV,Hiiumaa Vallavalitsus,77001228,Hiiumaa Sport,valla või linna ametiasutuste hallatav asutus,
KOV,Jõelähtme Vallavalitsus,77001234,Jõelähtme Valla Päevakeskus,valla või linna ametiasutuste hallatav asutus,
KOV,Lääneranna Vallavalitsus,77001257,Lääneranna Spordikool,valla või linna ametiasutuste hallatav asutus,
KOV,Hiiumaa Vallavalitsus,77001273,Hiiumaa Spordikool,valla või linna ametiasutuste hallatav asutus,
KOV,Harku Vallavalitsus,77001286,Harkujärve Lasteaed,valla või linna ametiasutuste hallatav asutus,
KOV,Kose Vallavalitsus,77001300,Kose Huvikool,valla või linna ametiasutuste hallatav asutus,
KOV,Pärnu Linnavalitsus,77001317,Pärnu Raja Lasteaed,valla või linna ametiasutuste hallatav asutus,
KOV,Viljandi Vallavalitsus,77001338,Kolga-Jaani Kool,valla või linna ametiasutuste hallatav asutus,
KOV,Tori Vallavalitsus,77001406,Tammiste Lasteaed-Algkool,valla või linna ametiasutuste hallatav asutus,
KOV,Tallinna Linnakantselei,77001429,Tallinna Lasteaed Naksitrallid,valla või linna ametiasutuste hallatav asutus,
KOV,Tallinna Linnakantselei,77001435,Tallinna Kultuuri- ja Spordiamet,valla või linna ametiasutus,
KOV,Viljandi Linnavalitsus,77001441,Viljandi Hoolekandekeskus,valla või linna ametiasutuste hallatav asutus,
KOV,Jõgeva Vallavalitsus,77001464,Jõgeva Valla Hoolekandekeskus,valla või linna ametiasutuste hallatav asutus,
KOV,Pärnu Linnavalitsus,77001470,Pärnu Spordikeskus,valla või linna ametiasutuste hallatav asutus,
KOV,Saaremaa Vallavalitsus,77001487,Orissaare Spordihoone,valla või linna ametiasutuste hallatav asutus,
KOV,Jõgeva Vallavalitsus,77001493,Jõgeva Raamatukogu,valla või linna ametiasutuste hallatav asutus,
KOV,Tori Vallavalitsus,77001501,Tori Valla Kultuurikeskus,valla või linna ametiasutuste hallatav asutus,
KOV,Viimsi Vallavalitsus,77001518,Viimsi Hoolekandekeskus,valla või linna ametiasutuste hallatav asutus,
KOV,Tapa Vallavalitsus,77001530,Tapa Valla Köök,valla või linna ametiasutuste hallatav asutus,
KOV,Põltsamaa Vallavalitsus,77001567,Põltsamaa Valla Lasteaed,valla või linna ametiasutuste hallatav asutus,
KOV,Rae Vallavalitsus,77001621,Aruheina Lasteaed,valla või linna ametiasutuste hallatav asutus,
KOV,Mustvee Vallavalitsus,77001671,Avinurme Kultuurikeskus,valla või linna ametiasutuste hallatav asutus,
KOV,Saue Vallavalitsus,77001688,Kotka Lasteaed,valla või linna ametiasutuste hallatav asutus,
KOV,Viimsi Vallavalitsus,77001725,Viimsi Teaduskool,valla või linna ametiasutuste hallatav asutus,
KOV,Jõhvi Vallavalitsus,77001748,Jõhvi Sport,valla või linna ametiasutuste hallatav asutus,
KOV,Lääne-Harju Vallavalitsus,77001754,Padise Kloostri Külastuskeskus,valla või linna ametiasutuste hallatav asutus,
KOV,Mulgi Vallavalitsus,77001760,Mõisaküla Lasteaed,valla või linna ametiasutuste hallatav asutus,
KOV,Kihnu Vallavalitsus,77001777,Kihnu Rahvamaja,valla või linna ametiasutuste hallatav asutus,
KOV,Kambja Vallavalitsus,77001783,Tõrvandi Kool,valla või linna ametiasutuste hallatav asutus,
KOV,Haljala Vallavalitsus,77001796,Haljala valla majanduskeskus,valla või linna ametiasutuste hallatav asutus,
KOV,Järva Vallavalitsus,77001808,Järva Teenused,valla või linna ametiasutuste hallatav asutus,
KOV,Saaremaa Vallavalitsus,77001820,Saaremaa Kultuur,valla või linna ametiasutuste hallatav asutus,
KOV,Elva Vallavalitsus,77001837,Elva Perekeskus,valla või linna ametiasutuste hallatav asutus,
KOV,Võru Vallavalitsus,77001843,Võru valla kultuuri- ja noorsootöökeskus,valla või linna ametiasutuste hallatav asutus,
KOV,Viljandi Vallavalitsus,77001850,Viljandi Vallahaldus,valla või linna ametiasutuste hallatav asutus,
KOV,Kastre Vallavalitsus,77001866,Lasteaed Laanelill,valla või linna ametiasutuste hallatav asutus,
KOV,Valga Vallavalitsus,77001872,Valga valla majanduskeskus,valla või linna ametiasutuste hallatav asutus,
KOV,Lääne-Harju Vallavalitsus,77001889,Lustipesa Lasteaed,valla või linna ametiasutuste hallatav asutus,
KOV,Lääne-Harju Vallavalitsus,77001895,Lodijärve Kool,valla või linna ametiasutuste hallatav asutus,
KOV,Tallinna Linnakantselei,77001903,Hiiu Kool,valla või linna ametiasutus,
KOV,Kose Vallavalitsus,77001915,Kose Haldus,valla või linna ametiasutuste hallatav asutus,
KOV,Viljandi Linnavalitsus,77001926,Viljandi Laste ja Perede Tugikeskus,valla või linna ametiasutuste hallatav asutus,
KOV,Rapla Vallavalitsus,77001932,Kolme Kandi Rahvamaja,valla või linna ametiasutus,
KOV,Elva Vallavalitsus,77001949,Elva Teenused,valla või linna ametiasutuste hallatav asutus,
KOV,Maardu Linnavalitsus,77001955,Maardu Noorte Huvikeskus,valla või linna ametiasutuste hallatav asutus,
KOV,Lääneranna Vallavalitsus,77001961,Lääneranna Kultuuri- ja Noortekeskus,valla või linna ametiasutuste hallatav asutus,
KOV,Viljandi Vallavalitsus,77001978,Viljandi valla raamatukogu,valla või linna ametiasutuste hallatav asutus,Registreeritud 04.04.2024
KOV,Valga Vallavalitsus,77001984,Valga Kultuurikeskus,valla või linna ametiasutuste hallatav asutus,Registreeritud 13.06.2024
KOV,Peipsiääre Vallavalitsus,77001990,Peipsiääre Valla Kultuuri- ja Vabaajakeskus,valla või linna ametiasutuste hallatav asutus,Registreeritud 19.06.2024
KOV,Väike-Maarja Vallavalitsus,77002009,Väike-Maarja Valla Kultuur,valla või linna ametiasutuste hallatav asutus,Registreeritud 01.07.2024
KOV,Tori Vallavalitsus,77002021,Tori valla Spordikeskus,valla või linna ametiasutuste hallatav asutus,Registreeritud 03.09.2024
KOV,Alutaguse Vallavalitsus,77002038,Alutaguse Lasteaed,valla või linna ametiasutuste hallatav asutus,Registreeritud 05.09.2024
KOV,Tallinna Linnakantselei,77002044,Tallinna Erihoolekande- ja Rehabilitatsiooniteenuste Keskus,valla või linna ametiasutuste hallatav asutus,Registreeritud 03.12.2024
KOV,Setomaa Vallavalitsus,80006577,Setomaa Liit,mittetulundusühingud,
KOV,mitme KOVi poolt asutatud,80008381,Mittetulundusühing RAKVERE HAIGLA,mittetulundusühingud,
KOV,mitme KOVi poolt asutatud,80108482,MTÜ Mulgi Elamuskeskus,mittetulundusühingud,
KOV,Antsla Vallavalitsus,80125052,ANTSLA TERVISEKESKUS,mittetulundusühingud,
KOV,Põltsamaa Vallavalitsus,80134157,Mittetulundusühing Lustivere Mõis,mittetulundusühingud,
KOV,mitme KOVi poolt asutatud,80135725,mittetulundusühing JÄRVAMAA ÜHISTRANSPORDI KESKUS,mittetulundusühingud,
KOV,mitme KOVi poolt asutatud,80140235,mittetulundusühing Südamaa Vabavald,mittetulundusühingud,
KOV,mitme KOVi poolt asutatud,80179941,Viljandimaa Omavalitsuste Liit,mittetulundusühingud,
KOV,mitme KOVi poolt asutatud,80185947,Eesti Linnade ja Valdade Liit,mittetulundusühingud,
KOV,mitme KOVi poolt asutatud,80189879,Ida-Virumaa Omavalitsuste Liit,mittetulundusühingud,
KOV,mitme KOVi poolt asutatud,80190322,Tartumaa Omavalitsuste Liit,mittetulundusühingud,
KOV,mitme KOVi poolt asutatud,80190842,mittetulundusühing Võru Noortekeskus,mittetulundusühingud,
KOV,mitme KOVi poolt asutatud,80190931,Põlvamaa Omavalitsuste Liit,mittetulundusühingud,
KOV,mitme KOVi poolt asutatud,80191267,Läänemaa Omavalitsuste Liit,mittetulundusühingud,
KOV,mitme KOVi poolt asutatud,80193071,Pärnumaa Omavalitsuste Liit,mittetulundusühingud,
KOV,Saaremaa Vallavalitsus,80193131,Mittetulundusühing Kuressaare Campus,mittetulundusühingud,
KOV,mitme KOVi poolt asutatud,80194188,Valgamaa Omavalitsuste Liit,mittetulundusühingud,
KOV,mitme KOVi poolt asutatud,80194583,Võrumaa Omavalitsuste Liit,mittetulundusühingud,
KOV,mitme KOVi poolt asutatud,80195199,Harjumaa Omavalitsuste Liit,mittetulundusühingud,
KOV,mitme KOVi poolt asutatud,80195414,Mittetulundusühing Eesti Jäätmehoolduskeskus,mittetulundusühingud,
KOV,mitme KOVi poolt asutatud,80196268,Raplamaa Omavalitsuste Liit,mittetulundusühingud,
KOV,mitme KOVi poolt asutatud,80197361,Lääne-Viru Omavalitsuste Liit,mittetulundusühingud,
KOV,Lüganuse Vallavalitsus,80197655,Mittetulundusühing Püssi Avatud Noortekeskus,mittetulundusühingud,
KOV,Lüganuse Vallavalitsus,80197710,Mittetulundusühing Püssi Päevakeskus,mittetulundusühingud,
KOV,mitme KOVi poolt asutatud,80207123,Mittetulundusühing Lõuna-Eesti Erihooldusteenuste Keskus,mittetulundusühingud,
KOV,mitme KOVi poolt asutatud,80213342,Mittetulundusühing Põhja-Eesti Ühistranspordikeskus,mittetulundusühingud,
KOV,mitme KOVi poolt asutatud,80229484,mittetulundusühing Jõgevamaa Ühistranspordikeskus,mittetulundusühingud,
KOV,mitme KOVi poolt asutatud,80245098,Mittetulundusühing Virumaa Laste ja Perede Tugikeskus,mittetulundusühingud,
KOV,mitme KOVi poolt asutatud,80274094,Mittetulundusühing Virumaa Nõustamis- ja Aktiviseerimiskeskus,mittetulundusühingud,
KOV,mitme KOVi poolt asutatud,80294777,Mittetulundusühing Tartumaa Jäätmearendus,mittetulundusühingud,
KOV,Lääneranna Vallavalitsus,80322093,Mittetulundusühing Saarte Geopark,mittetulundusühingud,
KOV,mitme KOVi poolt asutatud,80328341,mittetulundusühing Valguskaabel,mittetulundusühingud,
KOV,mitme KOVi poolt asutatud,80375665,Mittetulundusühing Pärnumaa Ühistranspordikeskus,mittetulundusühingud,
KOV,mitme KOVi poolt asutatud,80424926,MTÜ MAAKONDLIKUD ARENDUSKESKUSED,mittetulundusühingud,
KOV,mitme KOVi poolt asutatud,80425297,Mittetulundusühing Valgamaa Ühistranspordikeskus,mittetulundusühingud,
KOV,mitme KOVi poolt asutatud,80425742,Mittetulundusühing Kagu Ühistranspordikeskus,mittetulundusühingud,
KOV,mitme KOVi poolt asutatud,80425950,Mittetulundusühing Ida-Viru Ühistranspordikeskus,mittetulundusühingud,
KOV,mitme KOVi poolt asutatud,80426233,Mittetulundusühing Tartumaa Ühistranspordikeskus,mittetulundusühingud,
KOV,mitme KOVi poolt asutatud,80426262,Mittetulundusühing Viljandimaa Ühistranspordikeskus,mittetulundusühingud,
KOV,mitme KOVi poolt asutatud,80592463,Mittetulundusühing Mulgi Kultuuri Instituut,mittetulundusühingud,
KOV,mitme KOVi poolt asutatud,90000831,Sihtasutus Harju Ettevõtlus- ja Arenduskeskus,sihtasutused,
KOV,Tartu Linnavalitsus,90001090,Sihtasutus Tartu Eluasemefond,sihtasutused,
KOV,Otepää Vallavalitsus,90001227,Sihtasutus Valgamaa Arenguagentuur,sihtasutused,
KOV,Tartu Linnavalitsus,90001291,sihtasutus Tartu Kultuurkapital,sihtasutused,
KOV,mitme KOVi poolt asutatud,90001552,Vapramäe - Vellavere - Vitipalu Sihtasutus,sihtasutused,
KOV,Räpina Vallavalitsus,90001606,Sihtasutus Räpina Kultuurkapital,sihtasutused,
KOV,Tartu Linnavalitsus,90001701,Sihtasutus Tartumaa Turism,sihtasutused,
KOV,Räpina Vallavalitsus,90001761,SIHTASUTUS RÄPINA INKUBATSIOONIKESKUS,sihtasutused,
KOV,Otepää Vallavalitsus,90001977,SIHTASUTUS OTEPÄÄ TERVISEKESKUS,sihtasutused,
KOV,Narva-Jõesuu Linnavalitsus,90003060,VAIVARA SINIMÄGEDE SIHTASUTUS,sihtasutused,
KOV,Sillamäe Linnavalitsus,90003152,Sihtasutus SILLAMÄE HAIGLA,sihtasutused,
KOV,Jõhvi Vallavalitsus,90003172,Sihtasutus Jõhvi Hooldekeskus,sihtasutused,
KOV,Narva Linnakantselei,90003217,Sihtasutus NARVA HAIGLA,sihtasutused,
KOV,Toila Vallavalitsus,90003321,Sihtasutus Eesti Kaevandusmuuseum,sihtasutused,
KOV,Lüganuse Vallavalitsus,90003338,SIHTASUTUS KIVIÕLI TERVISEKESKUS,sihtasutused,
KOV,mitme KOVi poolt asutatud,90003367,Sihtasutus Ida-Viru Ettevõtluskeskus,sihtasutused,
KOV,Narva Linnakantselei,90003404,Sihtasutus Narva Linnaelamu,sihtasutused,
KOV,mitme KOVi poolt asutatud,90003433,Sihtasutus Ida-Viru Keskhaigla,sihtasutused,
KOV,mitme KOVi poolt asutatud,90003657,Sihtasutus Jõhvi Lennuväli,sihtasutused,
KOV,mitme KOVi poolt asutatud,90003686,Vaivara Kalmistud Sihtasutus,sihtasutused,
KOV,Narva Linnakantselei,90003692,Sihtasutus Narva Sadam,sihtasutused,
KOV,Narva-Jõesuu Linnavalitsus,90003717,Sihtasutus Narva-Jõesuu Hooldekodu,sihtasutused,
KOV,Türi Vallavalitsus,90003769,Türi Arengu Sihtasutus,sihtasutused,
KOV,Narva Linnakantselei,90003812,Sihtasutus Narva Linna Arendus,sihtasutused,
KOV,mitme KOVi poolt asutatud,90003841,Sihtasutus Ida-Viru Investeeringute Agentuur,sihtasutused,
KOV,Haljala Vallavalitsus,90003901,SIHTASUTUS VÕSU KUURORT,sihtasutused,
KOV,Alutaguse Vallavalitsus,90003918,Sihtasutus Alutaguse Hoolekeskus,sihtasutused,
KOV,Saaremaa Vallavalitsus,90004059,Kuressaare Haigla Sihtasutus,sihtasutused,
KOV,Saaremaa Vallavalitsus,90004119,Sihtasutus Turvaline Saaremaa,sihtasutused,
KOV,Pärnu Linnavalitsus,90004527,Sihtasutus Pärnu Haigla,sihtasutused,
KOV,Mulgi Vallavalitsus,90004591,Sihtasutus Abja Haigla,sihtasutused,
KOV,Saarde Vallavalitsus,90004616,Sihtasutus Kilingi-Nõmme Tervise- ja Hoolduskeskus,sihtasutused,
KOV,Pärnu Linnavalitsus,90004668,Sihtasutus Tõstamaa Mõis,sihtasutused,
KOV,Pärnu Linnavalitsus,90004987,sihtasutus Tõstamaa Hooldekodu,sihtasutused,
KOV,Paide Linnavalitsus,90005018,Sihtasutus PAIDE SPORDIKESKUS,sihtasutused,
KOV,Rapla Vallavalitsus,90005047,Sihtasutus Rapla Spordirajatised,sihtasutused,
KOV,Paide Linnavalitsus,90005066,Sihtasutus Paide Haldus,sihtasutused,
KOV,Saue Vallavalitsus,90005414,Haiba Lastekodu Sihtasutus,sihtasutused,
KOV,Tallinna Linnakantselei,90005596,Sihtasutus Tallinna Tehnika- ja Teaduskeskus,sihtasutused,
KOV,Saue Vallavalitsus,90005834,Ääsmäe Kultuuri ja Spordi Sihtasutus,sihtasutused,
KOV,Tallinna Linnakantselei,90006271,Sihtasutus Õpilasmalev,sihtasutused,
KOV,Tallinna Linnakantselei,90006590,Sihtasutus Tallinna Lastehaigla,sihtasutused,
KOV,riigi ja KOVi poolt asutatud,90006963,Sihtasutus A.H.Tammsaare Muuseum Vargamäel,sihtasutused,
KOV,mitme KOVi poolt asutatud,90007098,Sihtasutus Järvamaa,sihtasutused,
KOV,Rõuge Vallavalitsus,90007201,sihtasutus Rõuge Energiakeskus,sihtasutused,
KOV,Tartu Linnavalitsus,90007247,Sihtasutus Tartu Keskkonnahariduse Keskus,sihtasutused,
KOV,Mustvee Vallavalitsus,90007371,Sihtasutus Mustvee Tervis,sihtasutused,
KOV,Tartu Linnavalitsus,90007431,Sihtasutus Tartu Vaimse Tervise Hooldekeskus,sihtasutused,
KOV,Elva Vallavalitsus,90007454,Sihtasutus Rõngu Hooldekodu,sihtasutused,
KOV,Räpina Vallavalitsus,90007477,SIHTASUTUS VERIORA NOORTEKAS,sihtasutused,
KOV,mitme KOVi poolt asutatud,90007508,SIHTASUTUS PÕLVAMAA ARENDUSKESKUS,sihtasutused,
KOV,Mustvee Vallavalitsus,90007603,Sihtasutus KALEVIPOJA KODA,sihtasutused,
KOV,Tartu Vallavalitsus,90007611,Raadi Sihtasutus,sihtasutused,
KOV,Jõgeva Vallavalitsus,90007626,Sihtasutus Kuremaa Elamuskeskus,sihtasutused,
KOV,Valga Vallavalitsus,90007632,sihtasutus Taheva Sanatoorium,sihtasutused,
KOV,Võru Linnavalitsus,90007649,Sihtasutus Võru Spordikeskus,sihtasutused,
KOV,Kambja Vallavalitsus,90007709,sihtasutus Aarike Hooldekeskus,sihtasutused,
KOV,Võru Linnavalitsus,90007721,Sihtasutus Võru Pensionäride Päevakeskus,sihtasutused,
KOV,Põltsamaa Vallavalitsus,90007738,Sihtasutus Põltsamaa Tervis,sihtasutused,
KOV,Põltsamaa Vallavalitsus,90007786,Sihtasutus Põltsamaa Sport,sihtasutused,
KOV,Nõo vallavalitsus,90007856,sihtasutus Nõo Hooldekodu,sihtasutused,
KOV,Tartu Vallavalitsus,90007879,Sihtasutus Saadjärve,sihtasutused,
KOV,Peipsiääre Vallavalitsus,90007968,sihtasutus Peipsiveere Hooldusravikeskus,sihtasutused,
KOV,Rõuge Vallavalitsus,90008063,Sihtasutus Rõuge Jäähall,sihtasutused,
KOV,Põlva Vallavalitsus,90008073,Sihtasutus Põlva Sport,sihtasutused,
KOV,Tallinna Linnakantselei,90008436,Sihtasutus Tallinna Lauluväljak,sihtasutused,
KOV,Kiili Vallavalitsus,90008614,Kiili Varahalduse Sihtasutus,sihtasutused,
KOV,Lääne-Harju Vallavalitsus,90008672,Pakri Saarte Arenduse Sihtasutus,sihtasutused,
KOV,mitme KOVi poolt asutatud,90008844,Sihtasutus Põhja-Läänemaa Turismi- ja Spordiobjektide Halduskeskus,sihtasutused,
KOV,Tallinna Linnakantselei,90009231,Sihtasutus Tallinna Ettevõtlusinkubaatorid,sihtasutused,
KOV,Tallinna Linnakantselei,90009424,Sihtasutus Tallinna Kultuurikatel,sihtasutused,
KOV,Keila Linnavalitsus,90009499,Sihtasutus Keila Leht,sihtasutused,
KOV,Viimsi Vallavalitsus,90009565,Sihtasutus Rannarahva Muuseum,sihtasutused,
KOV,Anija Vallavalitsus,90009938,SIHTASUTUS ANIJA MÕISA HALDUS,sihtasutused,
KOV,mitme KOVi poolt asutatud,90010195,Muhu Hooldekeskuse Sihtasutus,sihtasutused,
KOV,Harku Vallavalitsus,90010213,Vääna Mõisakooli Sihtasutus,sihtasutused,
KOV,Alutaguse Vallavalitsus,90010261,Pannjärve Tervisespordikeskus Sihtasutus,sihtasutused,
KOV,Paide Linnavalitsus,90010290,sihtasutus Ajakeskus Wittenstein,sihtasutused,
KOV,Loksa Linnavalitsus,90010551,Sihtasutus Loksa Kultuur,sihtasutused,
KOV,Põlva Vallavalitsus,90010634,Sihtasutus Mooste Mõis,sihtasutused,
KOV,Võru Linnavalitsus,90010686,Sihtasutus Võru Kannel,sihtasutused,
KOV,Hiiumaa Vallavalitsus,90010700,Sihtasutus Hiiu Maakonna Hooldekeskus Tohvri,sihtasutused,
KOV,Alutaguse Vallavalitsus,90010999,Sihtasutus Mäetaguse Arengufond,sihtasutused,
KOV,Harku Vallavalitsus,90011042,Huvitegevuse ja Noorsootöö Sihtasutus,sihtasutused,
KOV,Põhja-Sakala Vallavalitsus,90011131,Sihtasutus Lõhavere Ravi- ja Hooldekeskus,sihtasutused,
KOV,mitme KOVi poolt asutatud,90011198,Sihtasutus Perekodu,sihtasutused,
KOV,Valga Vallavalitsus,90011272,Sihtasutus Valga Isamaalise Kasvatuse Püsiekspositsioon,sihtasutused,
KOV,Võru Vallavalitsus,90011317,Vastseliina Piiskopilinnuse Sihtasutus,sihtasutused,
KOV,Tartu Linnavalitsus,90011415,Sihtasutus Tartu Loomemajanduskeskus,sihtasutused,
KOV,mitme KOVi poolt asutatud,90012366,Sihtasutus Juuru ja Hageri Kihelkonna Muuseumid,sihtasutused,
KOV,Tartu Linnavalitsus,90012478,Sihtasutus Tartu Perekodu Käopesa,sihtasutused,
KOV,Räpina Vallavalitsus,90012544,Sihtasutus Räpina Saun,sihtasutused,
KOV,Luunja Vallavalitsus,90012550,Sihtasutus Luunja Jõesadam,sihtasutused,
KOV,Räpina Vallavalitsus,90012640,Sihtasutus Räpina Sadamad ja Puhkealad,sihtasutused,
KOV,Saaremaa Vallavalitsus,90012998,Sihtasutus Hooldekodu Saaremaa Valss,sihtasutused,
KOV,Saaremaa Vallavalitsus,90013064,Sihtasutus Lääne-Saare Kultuurivara,sihtasutused,
KOV,Luunja Vallavalitsus,90013070,Luunja Varahalduse Sihtasutus,sihtasutused,
KOV,Kadrina Vallavalitsus,90013093,Sihtasutus Kadrina Spordikeskus,sihtasutused,
KOV,Põlva Vallavalitsus,90013153,sihtasutus Tilsi Perekodu,sihtasutused,
KOV,Kastre Vallavalitsus,90013213,Sihtasutus Hooldekodu Härmalõng,sihtasutused,
KOV,Alutaguse Vallavalitsus,90013220,Sihtasutus Iisaku Kihelkonna Muuseum,sihtasutused,
KOV,mitme KOVi poolt asutatud,90013265,Sihtasutus Jõgevamaa Arendus- ja Ettevõtluskeskus,sihtasutused,
KOV,Anija Vallavalitsus,90013294,Sihtasutus Anija Valla Spordimaailm,sihtasutused,
KOV,Lääneranna Vallavalitsus,90013395,Sihtasutus Lääneranna Hoolekanne,sihtasutused,
KOV,Elva Vallavalitsus,90013420,Sihtasutus Elva Kultuur ja Sport,sihtasutused,
KOV,Järva Vallavalitsus,90013615,Sihtasutus Valgehobusemäe Suusa- ja Puhkekeskus,sihtasutused,
KOV,mitme KOVi poolt asutatud,90013785,Sihtasutus Viljandimaa Arenduskeskus,sihtasutused,
KOV,Alutaguse Vallavalitsus,90013839,Sihtasutus Illuka Arengufond,sihtasutused,
KOV,Rapla Vallavalitsus,90013868,Sihtasutus RAEK,sihtasutused,
KOV,mitme KOVi poolt asutatud,90013874,Sihtasutus Läänemaa,sihtasutused,
KOV,mitme KOVi poolt asutatud,90013897,Sihtasutus Tartu Ärinõuandla,sihtasutused,
KOV,mitme KOVi poolt asutatud,90013972,Sihtasutus Võrumaa Arenduskeskus,sihtasutused,
KOV,Võru Vallavalitsus,90013986,Sihtasutus Sõmerpalu Hooldekodu,sihtasutused,
KOV,Hiiumaa Vallavalitsus,90014030,Sihtasutus Hiiumaa Arenduskeskus,sihtasutused,
KOV,mitme KOVi poolt asutatud,90014098,Sihtasutus Saare Arenduskeskus,sihtasutused,
KOV,Järva Vallavalitsus,90014135,Sihtasutus EESTI PIIMANDUSMUUSEUM,sihtasutused,
KOV,mitme KOVi poolt asutatud,90014158,Sihtasutus Pärnumaa Arenduskeskus,sihtasutused,
KOV,Märjamaa Vallavalitsus,90014388,Sihtasutus Märjamaa Valla Spordikeskus,sihtasutused,
KOV,Saue Vallavalitsus,90014460,Veskimöldre haridusmaja sihtasutus,sihtasutused,
KOV,Hiiumaa Vallavalitsus,90014553,Sihtasutus Hiiumaa Sadamad,sihtasutused,
KOV,Rõuge Vallavalitsus,90014566,Sihtasutus Haanjamaa Sport,sihtasutused,
KOV,Narva-Jõesuu Linnavalitsus,90014744,Sihtasutus Narva-Jõesuu sadam,sihtasutused,
KOV,Saaremaa Vallavalitsus,90014750,Sihtasutus Kuressaare Teater,sihtasutused,
KOV,Tartu Linnavalitsus,90014885,Sihtasutus Tartu 2024,sihtasutused,
KOV,Peipsiääre Vallavalitsus,90014901,Sihtasutus Kallaste Arendus,sihtasutused,
KOV,Alutaguse Vallavalitsus,90015270,Sihtasutus Alutagusemaa,sihtasutused,
KOV,Maardu Linnavalitsus,90015293,Sihtasutus Maardu Teenused,sihtasutused,
KOV,Viimsi Vallavalitsus,90015301,Sihtasutus Kultuuri- ja hariduskeskus Viimsi Artium,sihtasutused,
KOV,Põhja-Sakala Vallavalitsus,90015459,Sihtasutus Suure-Jaani Tervisekeskus,sihtasutused,
KOV,Rõuge Vallavalitsus,90015494,Sihtasutus Rõuge valla turism,sihtasutused,
KOV,Viljandi Vallavalitsus,90015577,sihtasutus Holstre-Polli Spordikeskus,sihtasutused,
KOV,Tallinna Linnakantselei,90015666,Sihtasutus Tallinna Haigla Arendus,sihtasutused,
KOV,Peipsiääre Vallavalitsus,90015886,Sihtasutus Alatskivi Tervisekeskus,sihtasutused,
KOV,Narva-Jõesuu Linnavalitsus,90016140,Sihtasutus Sinimäe vaba aja keskus,sihtasutused,Registreeritud 23.05.2024
KOV,Loksa Linnavalitsus,90016163,Sihtasutus Loksa Sport,sihtasutused,Registreeritud 29.05.2024
KOV,mitme KOVi poolt asutatud,90016173,Sihtasutus Narva-Jõesuu Peremajad,sihtasutused,Registreeritud 29.05.2024
KOV,Lüganuse Vallavalitsus,90016186,Sihtasutuse Hiiemäe Kurjuse Ohvrite Leinapark,sihtasutused,Registreeritud 04.06.2024
KOV,mitme KOVi poolt asutatud,90016252,Sihtasutus Maidla Maja,sihtasutused,Registreeritud 10.09.2024
KOV,Lüganuse Vallavalitsus,77002162,Lüganuse Valla Noortekeskus,valla või linna ametiasutuste hallatav asutus,Registreeritud 03.06.2025
KOV,Rõuge Vallavalitsus,77002185,Rõuge Haldus,valla või linna ametiasutuste hallatav asutus,Registreeritud 20.06.2025
KOV,Tallinna Linnakantselei,77002110,Tallinna Koduteenuse Keskus,valla või linna ametiasutuste hallatav asutus,Registreeritud 26.03.2025
KOV,Põltsamaa Vallavalitsus,77002127,Põltsamaa Spordikool,valla või linna ametiasutuste hallatav asutus,Registreeritud 25.04.2025
KOV,Loksa Linnavalitsus,77002148,Loksa Kultuurikeskus,valla või linna ametiasutuste hallatav asutus,Registreeritud 27.05.2025
KOV,Otepää Vallavalitsus,77002156,Otepää Haldusteenused,valla või linna ametiasutuste hallatav asutus,Registreeritud 02.06.2025
KOV,Loksa Linnavalitsus,77002133,Loksa Spordikeskus,valla või linna ametiasutuste hallatav asutus,Registreeritud 27.05.2025
KOV,Rae Vallavalitsus,77002083,Uuesalu Lasteaed,valla või linna ametiasutuste hallatav asutus,Registreeritud 17.02.2025
KOV,Tartu Vallavalitsus,77002073,Raadi Põhikool,valla või linna ametiasutuste hallatav asutus,Registreeritud 06.02.2025
KOV,Peipsiääre Vallavalitsus,77002096,Peipsiääre Lasteaed,valla või linna ametiasutuste hallatav asutus,Registreeritud 18.03.2025
KOV,Hiiumaa Vallavalitsus,77002104,Hiiumaa Laste ja Perede Tugiteenuste Keskus,valla või linna ametiasutuste hallatav asutus,Registreeritud 21.03.2025
KOV,Tallinna Linnakantselei,77002050,Tallinna Põhjatähe Põhikool,valla või linna ametiasutuste hallatav asutus,Registreeritud 28.01.2025
KOV,Tallinna Linnakantselei,77002067,Tallinna Avatud Kool,valla või linna ametiasutuste hallatav asutus,Registreeritud 29.01.2025
Muu avalik sektor,mitme KOVi poolt asutatud,10004973,aktsiaselts VÕRU VESI,äriühingud ja tulundusasutused,
Muu avalik sektor,Väike-Maarja Vallavalitsus,10054126,Osaühing Pandivere Vesi,äriühingud ja tulundusasutused,
Muu avalik sektor,Hiiumaa Vallavalitsus,10064136,aktsiaselts Kärdla Veevärk,äriühingud ja tulundusasutused,
Muu avalik sektor,Kehtna Vallavalitsus,10078799,Osaühing Järvakandi Soojus,äriühingud ja tulundusasutused,
Muu avalik sektor,Saaremaa Vallavalitsus,10083079,aktsiaselts Kuressaare Veevärk,äriühingud ja tulundusasutused,
Muu avalik sektor,Rae Vallavalitsus,10096975,Aktsiaselts ELVESO,äriühingud ja tulundusasutused,
Muu avalik sektor,Saaremaa Vallavalitsus,10105549,Aktsiaselts Kuressaare Soojus,äriühingud ja tulundusasutused,
Muu avalik sektor,Järva Vallavalitsus,10117967,AS Järva Haldus,äriühingud ja tulundusasutused,
Muu avalik sektor,mitme KOVi poolt asutatud,10120395,aktsiaselts PÄRNU VESI,äriühingud ja tulundusasutused,
Muu avalik sektor,Peipsiääre Vallavalitsus,10124996,osaühing KENADRON,äriühingud ja tulundusasutused,
Muu avalik sektor,Räpina Vallavalitsus,10135942,aktsiaselts REVEKOR,äriühingud ja tulundusasutused,
Muu avalik sektor,mitme KOVi poolt asutatud,10151183,aktsiaselts PÕLVA VESI,äriühingud ja tulundusasutused,
Muu avalik sektor,Tartu Linnavalitsus,10151668,aktsiaselts Tartu Veevärk,äriühingud ja tulundusasutused,
Muu avalik sektor,Võru Vallavalitsus,10171228,osaühing VAKS,äriühingud ja tulundusasutused,
Muu avalik sektor,mitme KOVi poolt asutatud,10175723,aktsiaselts Haapsalu Veevärk,äriühingud ja tulundusasutused,
Muu avalik sektor,Rakvere Linnavalitsus,10177099,Aktsiaselts Rakvere Soojus,äriühingud ja tulundusasutused,
Muu avalik sektor,Viljandi Linnavalitsus,10185182,Aktsiaselts Viljandi Veevärk,äriühingud ja tulundusasutused,
Muu avalik sektor,Valga Vallavalitsus,10210129,AS VALGA VESI,äriühingud ja tulundusasutused,
Muu avalik sektor,Põlva Vallavalitsus,10244660,Aktsiaselts Põlva Soojus,äriühingud ja tulundusasutused,
Muu avalik sektor,Lüganuse Vallavalitsus,10245027,Aktsiaselts Kiviõli Soojus,äriühingud ja tulundusasutused,
Muu avalik sektor,Tapa Vallavalitsus,10246506,Tamsalu Kalor AS,äriühingud ja tulundusasutused,
Muu avalik sektor,Haljala Vallavalitsus,10247300,Aktsiaselts Haljala Soojus,äriühingud ja tulundusasutused,
Muu avalik sektor,Elva Vallavalitsus,10255847,osaühing Elva Soojus,äriühingud ja tulundusasutused,
Muu avalik sektor,Haapsalu Linnavalitsus,10259288,Haapsalu Linnamajanduse Aktsiaselts,äriühingud ja tulundusasutused,
Muu avalik sektor,mitme KOVi poolt asutatud,10268413,Aktsiaselts Rakvere Vesi,äriühingud ja tulundusasutused,
Muu avalik sektor,Otepää Vallavalitsus,10270166,osaühing OTEPÄÄ MAAMÕÕDUBÜROO,äriühingud ja tulundusasutused,
Muu avalik sektor,Otepää Vallavalitsus,10273845,AS Otepää Veevärk,äriühingud ja tulundusasutused,
Muu avalik sektor,Pärnu Linnavalitsus,10275471,Estonia Spa Hotels AS,äriühingud ja tulundusasutused,
Muu avalik sektor,Pärnu Linnavalitsus,10275577,Osaühing SuFe,äriühingud ja tulundusasutused,
Muu avalik sektor,Viru-Nigula vallavalitsus,10294913,OÜ Aseri Kommunaal,äriühingud ja tulundusasutused,
Muu avalik sektor,Põhja-Pärnumaa Vallavalitsus,10296177,aktsiaselts Mako,äriühingud ja tulundusasutused,
Muu avalik sektor,mitme KOVi poolt asutatud,10307716,Osaühing Raven,äriühingud ja tulundusasutused,
Muu avalik sektor,Tartu Linnavalitsus,10319990,AS TARTU TURG,äriühingud ja tulundusasutused,
Muu avalik sektor,Kehtna Vallavalitsus,10332654,Kehtna Vesi osaühing,äriühingud ja tulundusasutused,
Muu avalik sektor,Sillamäe Linnavalitsus,10337120,Aktsiaselts MEKE SILLAMÄE,äriühingud ja tulundusasutused,
Muu avalik sektor,Kadrina Vallavalitsus,10338177,Aktsiaselts Kadrina Soojus,äriühingud ja tulundusasutused,
Muu avalik sektor,Sillamäe Linnavalitsus,10339515,Aktsiaselts Sillamäe-Veevärk,äriühingud ja tulundusasutused,
Muu avalik sektor,Saku Vallavalitsus,10344321,Aktsiaselts Saku Maja,äriühingud ja tulundusasutused,
Muu avalik sektor,Anija Vallavalitsus,10348690,Osaühing VELKO AV,äriühingud ja tulundusasutused,
Muu avalik sektor,Viljandi Vallavalitsus,10357298,Osaühing Ramsi VK,äriühingud ja tulundusasutused,
Muu avalik sektor,Saue Vallavalitsus,10395123,Aktsiaselts KOVEK,äriühingud ja tulundusasutused,
Muu avalik sektor,Kohila Vallavalitsus,10407814,osaühing Kohila Maja,äriühingud ja tulundusasutused,
Muu avalik sektor,Saaremaa Vallavalitsus,10415110,Osaühing Kuressaare Bussijaam,äriühingud ja tulundusasutused,
Muu avalik sektor,Vinni Vallavalitsus,10445714,Aktsiaselts Vinni Spordikompleks,äriühingud ja tulundusasutused,
Muu avalik sektor,Lääne-Nigula Vallavalitsus,10447162,AS Lääne-Nigula Varahaldus,äriühingud ja tulundusasutused,
Muu avalik sektor,Kuusalu Vallavalitsus,10447914,OÜ Kuusalu Soojus,äriühingud ja tulundusasutused,
Muu avalik sektor,Jõelähtme Vallavalitsus,10451270,OÜ Loo Vesi,äriühingud ja tulundusasutused,
Muu avalik sektor,Viimsi Vallavalitsus,10461699,AS Viimsi Vesi,äriühingud ja tulundusasutused,
Muu avalik sektor,mitme KOVi poolt asutatud,10464290,Aktsiaselts Paide Vesi,äriühingud ja tulundusasutused,
Muu avalik sektor,Rapla Vallavalitsus,10466194,aktsiaselts Rapla Vesi,äriühingud ja tulundusasutused,
Muu avalik sektor,Häädemeeste Vallavalitsus,10468951,Aktsiaselts Häädemeeste VK,äriühingud ja tulundusasutused,
Muu avalik sektor,Lääneranna Vallavalitsus,10539467,Osaühing Lihula Soojus,äriühingud ja tulundusasutused,
Muu avalik sektor,Toila Vallavalitsus,10579389,Aktsiaselts Vekanor,äriühingud ja tulundusasutused,
Muu avalik sektor,Türi Vallavalitsus,10652436,Osaühing Türi Linnavara,äriühingud ja tulundusasutused,
Muu avalik sektor,Järva Vallavalitsus,10672746,Aktsiaselts Väätsa Prügila,äriühingud ja tulundusasutused,
Muu avalik sektor,Tartu Linnavalitsus,10738741,OÜ Tartu Veekeskus,äriühingud ja tulundusasutused,
Muu avalik sektor,Kiili Vallavalitsus,10782274,Osaühing KIILI KVH,äriühingud ja tulundusasutused,
Muu avalik sektor,Haapsalu Linnavalitsus,10792290,Osaühing Haapsalu Linna Spordibaasid,äriühingud ja tulundusasutused,
Muu avalik sektor,Maardu Linnavalitsus,10807888,Aktsiaselts Maardu Vesi,äriühingud ja tulundusasutused,
Muu avalik sektor,Pärnu Linnavalitsus,10836969,Osaühing PAIKRE,äriühingud ja tulundusasutused,
Muu avalik sektor,Tõrva Vallavalitsus,10852135,OSAÜHING TÕRVA VEEJÕUD,äriühingud ja tulundusasutused,
Muu avalik sektor,mitme KOVi poolt asutatud,10854476,Osaühing JÄRVE BIOPUHASTUS,äriühingud ja tulundusasutused,
Muu avalik sektor,Kose Vallavalitsus,10917886,OÜ KOSE VESI,äriühingud ja tulundusasutused,
Muu avalik sektor,mitme KOVi poolt asutatud,10985184,Põltsamaa Vesi OÜ,äriühingud ja tulundusasutused,
Muu avalik sektor,mitme KOVi poolt asutatud,11044696,AS Emajõe Veevärk,äriühingud ja tulundusasutused,
Muu avalik sektor,mitme KOVi poolt asutatud,11179769,Hiiumaa Jäätmejaam OÜ,äriühingud ja tulundusasutused,
Muu avalik sektor,Alutaguse Vallavalitsus,11192119,Mehntack OÜ,äriühingud ja tulundusasutused,
Muu avalik sektor,mitme KOVi poolt asutatud,11363639,Osaühing Saaremaa Prügila,äriühingud ja tulundusasutused,
Muu avalik sektor,Lüganuse Vallavalitsus,11381459,Rakovor Osaühing,äriühingud ja tulundusasutused,
Muu avalik sektor,Jõgeva Vallavalitsus,11541489,Osaühing Jõgeva Veevärk,äriühingud ja tulundusasutused,
Muu avalik sektor,Loksa Linnavalitsus,11561799,Osaühing Loksa Haljastus,äriühingud ja tulundusasutused,
Muu avalik sektor,Maardu Linnavalitsus,11896844,OÜ Maardu Linnavarahooldus,äriühingud ja tulundusasutused,
Muu avalik sektor,Toila Vallavalitsus,12583722,Voka Vara OÜ,äriühingud ja tulundusasutused,
Muu avalik sektor,Pärnu Linnavalitsus,14494632,Osaühing Pärnu Päikesepark 1,äriühingud ja tulundusasutused,
Muu avalik sektor,Pärnu Linnavalitsus,14497659,Osaühing Pärnu Päikesepark 2,äriühingud ja tulundusasutused,
Muu avalik sektor,Pärnu Linnavalitsus,14497843,Osaühing Pärnu Päikesepark 3,äriühingud ja tulundusasutused,
Muu avalik sektor,Pärnu Linnavalitsus,14507984,Osaühing Pärnu Päikesepark 4,äriühingud ja tulundusasutused,
Muu avalik sektor,Otepää Vallavalitsus,14652137,OÜ Otepää Üürimajad,äriühingud ja tulundusasutused,
Muu avalik sektor,Mulgi Vallavalitsus,16503424,Mulgi Perearstikeskus OÜ,äriühingud ja tulundusasutused,
Muu avalik sektor,Jõgeva Vallavalitsus,16543412,Jõgeva Valla Perearstikeskus OÜ,äriühingud ja tulundusasutused,
Muu avalik sektor,Lääne-Nigula Vallavalitsus,16725136,Lääne-Nigula Perearstikeskus OÜ,äriühingud ja tulundusasutused,
Muu avalik sektor,Saaremaa Vallavalitsus,16753500,Lehe 5 Kodu OÜ,äriühingud ja tulundusasutused,
Muu avalik sektor,Lääneranna Vallavalitsus,17018560,Osaühing Lääneranna Haldus,äriühingud ja tulundusasutused,Registreeritud 01.07.2024
Muu avalik sektor,Otepää Vallavalitsus,17034523,OÜ Otepää Soojus,äriühingud ja tulundusasutused,Registreeritud 23.07.2024
Muu avalik sektor,Rapla Vallavalitsus,80192172,Mittetulundusühing Raplamaa Jäätmekäitluskeskus,mittetulundusühingud,
Muu avalik sektor,Vinni Vallavalitsus,80258178,Mittetulundusühing Lääne-Viru Jäätmekeskus,mittetulundusühingud,
Muu avalik sektor,Võru Linnavalitsus,80279080,Mittetulundusühing Võru Jäätmekeskus,mittetulundusühingud,
Muu avalik sektor,Võru Vallavalitsus,90003953,sihtasutus PIUSA,sihtasutused,
Muu avalik sektor,Peipsiääre Vallavalitsus,90007595,Sihtasutus Alatskivi Loss,sihtasutused,
Muu avalik sektor,Narva-Jõesuu Linnavalitsus,17115032,Osaühing Narva-Jõesuu Vesi,äriühingud ja tulundusasutused,Registreeritud 15.11.2024
Muu avalik sektor,Narva Linnakantselei,10338071,Aktsiaselts TRANSSERVIS-N,äriühingud ja tulundusasutused,
Muu avalik sektor,Narva Linnakantselei,10369373,Aktsiaselts Narva Vesi,äriühingud ja tulundusasutused,
Muu avalik sektor,Tallinna Linnakantselei,10450572,Aktsiaselts Tallinna Jäätmete Taaskasutuskeskus,äriühingud ja tulundusasutused,
Muu avalik sektor,Narva Linnakantselei,10549419,Aktsiaselts NARVA SOOJUSVÕRK,äriühingud ja tulundusasutused,
Muu avalik sektor,Tallinna Linnakantselei,11066456,Aktsiaselts Tallinna Arendused,äriühingud ja tulundusasutused,
Muu avalik sektor,Narva Linnakantselei,11336157,Osaühing Narva Jäätmekäitluskeskus,äriühingud ja tulundusasutused,
Keskvalitsus,riigi ja KOVi poolt asutatud,90001380,Sihtasutus Tartu Jaani Kirik,sihtasutused,
Keskvalitsus,riigi ja KOVi poolt asutatud,90007141,Sihtasutus Tartu Kiirabi,sihtasutused,
Muu avalik sektor,Tallinna Linnakantselei,90008465,Sihtasutus Tallinna Hambakliinik,sihtasutused,
